author,popularity,date,idVotacao
Osmar Serraglio,0.0,2003-11-18,143282-5
Poder Executivo,0.0,2003-11-26,145211-10
Poder Executivo,0.7925531914893617,2004-01-21,150930-5
Poder Executivo,0.7925531914893617,2004-01-21,151030-5
Poder Executivo,0.7780748663101604,2004-05-12,252929-5
Poder Executivo,0.8200983836964161,2004-06-01,140174-83
Poder Executivo,0.674712643678161,2004-08-11,140174-133
Poder Executivo,0.6224540486835569,2005-03-02,140375-132
Poder Executivo,0.6224540486835569,2005-03-02,140375-143
Poder Executivo,0.6903317873706742,2005-07-06,279543-44
Poder Executivo,0.6425339366515838,2005-11-29,301190-6
Pedro Canedo,0.0,2005-12-07,292328-188
Pedro Canedo,0.8859934853420195,2005-12-13,292328-204
Poder Executivo,0.6806433084434234,2006-01-25,307925-77
Poder Executivo,0.6878011666243977,2006-01-26,307925-88
Poder Executivo,0.6685172334027296,2006-02-01,307925-109
Senado Federal - Mozarildo Cavalcanti,0.0,2006-02-07,273823-7
Poder Executivo,0.644553819815964,2006-02-07,275322-252
Senado Federal - Jorge Bornhausen,0.0,2006-02-09,298990-78
Senado Federal - Jorge Bornhausen,0.6123076923076923,2006-03-21,298990-146
Poder Executivo,0.6346682371417354,2007-02-12,335937-47
Poder Executivo,0.6346682371417354,2007-02-12,335937-79
Poder Executivo,0.5657872046904638,2007-02-13,307925-175
Senado Federal - César Borges,0.0,2007-02-14,327896-22
Benedito de Lira,0.0,2007-02-15,340369-4
Comissão Parlamentar Mista de Inquérito com a finalidade de investigar as situações de violência e redes de exploração sexual de crianças e adolescentes no Brasil.,0.0,2007-03-13,264293-69
Comissão Parlamentar Mista de Inquérito com a finalidade de investigar as situações de violência e redes de exploração sexual de crianças e adolescentes no Brasil.,0.015267175572519083,2007-03-14,264293-78
Comissão Parlamentar Mista de Inquérito com a finalidade de investigar as situações de violência e redes de exploração sexual de crianças e adolescentes no Brasil.,0.015267175572519083,2007-03-14,264293-88
Comissão Parlamentar Mista de Inquérito com a finalidade de investigar as situações de violência e redes de exploração sexual de crianças e adolescentes no Brasil.,0.26672458731537796,2007-03-15,264293-105
Comissão Parlamentar Mista de Inquérito com a finalidade de investigar as situações de violência e redes de exploração sexual de crianças e adolescentes no Brasil.,0.26672458731537796,2007-03-15,264293-117
Senado Federal - Francisco Dornelles,0.0,2007-05-09,347832-48
Poder Executivo,0.5736,2007-05-23,350571-30
Regis de Oliveira,0.0,2007-05-30,353776-4
Regis de Oliveira,0.8873239436619719,2007-06-13,353741-54
Regis de Oliveira,0.8873239436619719,2007-06-13,353741-67
Senado Federal - Eduardo Siqueira Campos,0.0,2007-06-20,339302-57
Regis de Oliveira,0.5312747426761678,2007-06-27,353741-128
Regis de Oliveira,0.5120093731693028,2007-07-11,353741-160
Regis de Oliveira,0.4958061509785648,2007-08-14,353741-192
Poder Executivo,0.5551399072272931,2007-10-17,371091-7
Poder Executivo,0.5660404011866083,2008-03-11,366816-167
Poder Executivo,0.566146041916967,2008-05-27,377706-66
Poder Executivo,0.5852855514752437,2008-10-29,403395-85
Poder Executivo,0.5852855514752437,2008-10-29,403395-93
Poder Executivo,0.5852855514752437,2008-10-29,403395-126
Poder Executivo,0.5256701499318491,2008-11-04,403395-164
Procuradoria-Geral da República,0.0,2008-11-18,350108-117
Bernardo Ariston,0.0,2008-11-19,364579-61
Senado Federal - Eduardo Azeredo,0.0,2009-02-17,403997-6
Poder Executivo,0.5320829220138203,2009-02-18,406183-14
Bernardo Ariston,0.7368421052631579,2009-02-18,416531-9
William Woo,0.0,2009-02-18,423580-6
Bernardo Ariston,0.8,2009-05-19,112893-218
Bernardo Ariston,0.8,2009-05-19,112893-225
SUPERIOR TRIBUNAL DE JUSTIÇA,0.0,2009-06-09,370193-6
Mário Negromonte,0.0,2009-06-30,440274-5
Mário Negromonte,0.9941520467836257,2009-07-08,440269-72
Mário Negromonte,0.9941520467836257,2009-07-08,440269-73
Mário Negromonte,0.9941520467836257,2009-07-08,440269-76
Mário Negromonte,0.9941520467836257,2009-07-08,440269-79
Mário Negromonte,0.9941520467836257,2009-07-08,440269-88
Mário Negromonte,0.9941520467836257,2009-07-08,440269-92
Mário Negromonte,0.9941520467836257,2009-07-08,440269-94
Carlos Zarattini,0.0,2009-08-04,441341-10
Poder Executivo,0.5459843187115915,2009-09-16,443247-5
Senado Federal - Benício Sampaio,0.0,2009-09-16,446738-5
Mário Negromonte,0.39910158949550795,2009-09-16,440269-157
Poder Executivo,0.5595030290584249,2009-10-14,445427-89
Senado Federal - Benício Sampaio,0.9230769230769231,2009-10-21,339409-144
Sarney Filho,0.0,2009-10-21,339977-66
MINISTÉRIO PÚBLICO DA UNIÃO,0.0,2009-10-27,439736-22
Poder Executivo,0.5607940446650124,2009-10-28,434938-122
Poder Executivo,0.5607940446650124,2009-10-28,434938-133
Brizola Neto,0.0,2009-11-11,437378-16
Poder Executivo,0.5765765765765766,2009-11-11,458747-7
Poder Executivo,0.5765765765765766,2009-11-11,458748-9
Poder Executivo,0.5765765765765766,2009-11-11,458749-9
Poder Executivo,0.5957786747393206,2009-11-17,447935-79
Poder Executivo,0.5957786747393206,2009-11-17,447935-83
Poder Executivo,0.5693097089713782,2009-11-18,447935-106
Poder Executivo,0.5693097089713782,2009-11-18,447935-121
Poder Executivo,0.5693097089713782,2009-11-18,447935-142
Eduardo Valverde,0.0,2009-12-08,378478-161
Eduardo Valverde,0.0,2009-12-08,378478-172
Eduardo Valverde,0.4,2009-12-09,378478-213
Eduardo Valverde,0.4,2009-12-09,378478-223
Eduardo Valverde,0.4,2009-12-09,378478-232
Eduardo Valverde,0.4,2009-12-09,378478-242
Pedro Eugênio,0.0,2010-02-23,438409-126
Pedro Eugênio,0.0,2010-02-23,438409-137
Pedro Eugênio,0.0,2010-02-23,438409-157
Pedro Eugênio,0.6350662589194699,2010-02-24,438409-164
Pedro Eugênio,0.6350662589194699,2010-02-24,438409-203
Poder Executivo,0.5708017254201994,2010-03-02,284827-198
Poder Executivo,0.5638035921205099,2010-03-03,447937-133
Poder Executivo,0.5638035921205099,2010-03-03,447937-136
Eduardo Valverde,0.2950907150480256,2010-03-10,378478-308
Eduardo Valverde,0.2950907150480256,2010-03-10,378478-317
Senado Federal - Aloízio Mercadante,0.0,2010-05-12,471208-8
Poder Executivo,0.5505462591619417,2010-12-01,447936-162
Valdemar Costa Neto,0.0,2010-12-07,488578-7
Valdemar Costa Neto,0.6475644699140402,2010-12-08,489010-5
Valdemar Costa Neto,0.6816901408450704,2010-12-14,153275-100
Poder Executivo,0.5540778938797666,2011-02-15,491974-6
Poder Executivo,0.5646321346090399,2011-02-16,491872-58
Poder Executivo,0.5646321346090399,2011-02-16,491872-61
Poder Executivo,0.544175960346964,2011-02-17,491872-68
Poder Executivo,0.5498494882600843,2011-08-31,500079-157
Poder Executivo,0.5494964960838584,2011-09-20,511029-60
Poder Executivo,0.5519607843137255,2011-09-21,500380-7
Carlos Eduardo Cadoca,0.0,2011-10-05,260404-97
Poder Executivo,0.5590804079562743,2012-02-28,366851-147
Poder Executivo,0.562544635499643,2012-02-29,366851-196
Poder Executivo,0.562544635499643,2012-02-29,366851-186
Poder Executivo,0.562544635499643,2012-02-29,366851-189
Carlos Zarattini,0.9566666666666667,2012-03-20,435878-82
Dr. Rosinha,0.0,2012-03-20,537997-4
Poder Executivo,0.5420536501841955,2012-03-28,520245-145
Poder Executivo,0.5420536501841955,2012-03-28,520245-150
Roberto Balestra,0.0,2012-05-22,544176-6
Efraim Filho,0.0,2012-06-13,494004-52
Senado Federal - Wellington Dias,0.0,2012-11-06,537339-16
Senado Federal - Wellington Dias,0.0,2012-11-06,524645-65
Senado Federal - Wellington Dias,0.0,2012-11-06,524645-71
Senado Federal - Wellington Dias,0.0,2012-11-06,524645-81
Manuela D'ávila,0.0,2012-11-07,529011-53
Poder Executivo,0.5370444134634534,2012-11-07,497188-8
Poder Executivo,0.5370444134634534,2012-11-07,496725-130
Poder Executivo,0.5472069993269878,2012-11-28,555993-7
Poder Executivo,0.5472069993269878,2012-11-28,561593-4
Poder Executivo,0.5472069993269878,2012-11-28,561594-3
Eduardo Cunha,0.0,2012-12-04,554412-9
Osmar Terra,0.0,2013-03-12,566744-6
Poder Executivo,0.5644140606956441,2013-03-20,564113-45
Celso Russomanno,0.0,2013-03-26,569181-5
Henrique Eduardo Alves,0.0,2013-04-10,556590-9
Henrique Eduardo Alves,0.7077363896848138,2013-04-16,571564-6
Henrique Eduardo Alves,0.7228571428571429,2013-04-17,556261-26
Henrique Eduardo Alves,0.7228571428571429,2013-04-17,556261-43
Henrique Eduardo Alves,0.7228571428571429,2013-04-17,556261-57
Henrique Eduardo Alves,0.4960438222763238,2013-04-23,556261-124
Narcio Rodrigues,0.0,2013-04-24,569182-6
Osmar Terra,0.8431372549019608,2013-05-22,483808-155
Osmar Terra,0.8431372549019608,2013-05-22,483808-165
Luis Carlos Heinze,0.0,2013-07-02,582605-6
Comissão Especial destinada a acompanhar e estudar propostas de Políticas Públicas para a Juventude.,0.0,2013-07-09,271219-134
Brizola Neto,0.7448453608247423,2013-07-10,343930-201
Poder Executivo,0.5635216127860516,2013-10-01,586411-57
Senado Federal - Romero Jucá,0.0,2013-10-01,593650-5
Senado Federal - Romero Jucá,0.6531645569620254,2013-10-15,592935-52
Senado Federal - Romero Jucá,0.5234604105571847,2013-10-16,592935-88
Senado Federal - Romero Jucá,0.5234604105571847,2013-10-16,592935-115
Senado Federal - Romero Jucá,0.5010570824524313,2013-10-22,592935-148
Senado Federal - Romero Jucá,0.5010570824524313,2013-10-22,592935-162
Senado Federal - César Borges,0.9802955665024631,2013-11-05,302638-257
Senado Federal - César Borges,0.5797101449275363,2014-02-04,302638-290
Senado Federal - César Borges,0.5733207190160833,2014-02-11,302638-314
Poder Executivo,0.5552376268610005,2014-03-26,600255-111
"Comissão Especial destinada a debater e propor modificações à Lei 12.619, de 30 de abril de 2012, que regulamenta a Profissão de Motorista",0.0,2014-04-22,586949-8
Jerônimo Goergen,0.0,2014-04-29,552295-75
Poder Executivo,0.5603080308030803,2014-06-03,490116-261
Poder Executivo,0.5625162239335467,2015-02-10,619150-93
Rogerio Lisboa,0.0,2015-02-25,372066-92
André Figueiredo,0.0,2015-02-26,611193-15
Poder Executivo,0.5596751562566435,2015-03-03,571550-7
Paulo Piau,0.0,2015-03-05,962435-6
Senado Federal - Paulo Paim,0.0,2015-03-05,339407-302
Jorge Boeira,0.0,2015-03-10,542838-61
Defensoria Pública da União,0.0,2015-03-10,622072-47
Fernando Francischini,0.0,2015-03-17,613662-53
Fernando Francischini,0.6568627450980392,2015-03-18,613662-62
Fernando Francischini,0.6568627450980392,2015-03-18,613662-65
Renata Abreu,0.0,2015-03-24,996537-6
Raul Jungmann,0.0,2015-03-24,1049075-6
Pedro Paulo,0.0,2015-03-24,1050835-5
Subtenente Gonzaga,0.0,2015-03-24,1050836-6
Senado Federal - Juvêncio da Fonseca,0.0,2015-03-24,1050840-6
Luis Carlos Heinze,0.38461538461538464,2015-03-25,412728-75
Senado Federal - Aloízio Mercadante,0.8456591639871383,2015-03-25,348730-77
Fabio Reis,0.0,2015-03-26,1050845-6
Senado Federal - Alvaro Dias,0.0,2015-03-26,388449-106
Senado Federal - Alvaro Dias,0.0,2015-03-26,388449-116
Onyx Lorenzoni,0.0,2015-03-30,1050852-8
Alexandre Leite,0.0,2015-03-31,537900-80
Alexandre Leite,0.0,2015-03-31,537900-91
Sandro Mabel,0.0,2015-04-07,590796-11
Sandro Mabel,0.6502057613168725,2015-04-08,267841-168
Sandro Mabel,0.6502057613168725,2015-04-08,267841-185
Sandro Mabel,0.5845528455284553,2015-04-14,267841-205
Sandro Mabel,0.46650426309378806,2015-04-22,267841-230
Sandro Mabel,0.46650426309378806,2015-04-22,267841-238
Lincoln Portela,0.0,2015-04-23,18216-226
Poder Executivo,0.562400669176077,2015-04-27,619150-144
Poder Executivo,0.562400669176077,2015-04-27,619150-157
Luis Carlos Heinze,0.4583333333333333,2015-04-28,412728-125
Poder Executivo,0.5557217349124863,2015-06-25,1050643-91
Poder Executivo,0.5557217349124863,2015-06-25,1050643-96
Poder Executivo,0.5557217349124863,2015-06-25,1050643-99
Poder Executivo,0.5557217349124863,2015-06-25,1050643-102
Poder Executivo,0.5557217349124863,2015-06-25,1050643-110
Poder Executivo,0.5557217349124863,2015-06-25,1050643-113
Poder Executivo,0.5557217349124863,2015-06-25,1050643-117
Poder Executivo,0.5557217349124863,2015-06-25,1050643-121
Poder Executivo,0.5557217349124863,2015-06-25,1050643-125
Leonardo Picciani,0.0,2015-06-30,1228940-8
Anthony Garotinho,0.0,2015-07-14,580148-122
Anthony Garotinho,0.0,2015-07-14,580148-127
Anthony Garotinho,0.0,2015-07-14,580148-137
Anthony Garotinho,0.0,2015-07-14,580148-154
Anthony Garotinho,0.0,2015-07-14,580148-161
Anthony Garotinho,0.0,2015-07-14,580148-196
Poder Executivo,0.5522756547874624,2015-08-04,1514136-40
Poder Executivo,0.5547450399971808,2015-08-12,1514014-82
Jovair Arantes,0.0,2015-08-18,1570705-17
Lucas Vergilio,0.0,2015-08-20,944251-83
Ricardo Barros,0.0,2015-08-20,18180-101
SUPERIOR TRIBUNAL DE JUSTIÇA,0.9006849315068494,2015-08-25,1049167-8
Roberto de Lucena,0.0,2015-08-25,1050847-25
Ricardo Izar,0.0,2015-08-25,1554118-8
Jovair Arantes,0.6718266253869969,2015-08-25,1671859-8
Henrique Afonso,0.0,2015-08-26,351362-117
Poder Executivo,0.5586235604273623,2015-09-02,1672013-8
Senado Federal - Marcelo Crivella,0.0,2015-09-09,818166-6
Anthony Garotinho,0.47110055423594616,2015-09-09,580148-271
Anthony Garotinho,0.47110055423594616,2015-09-09,580148-280
Anthony Garotinho,0.47110055423594616,2015-09-09,580148-288
Anthony Garotinho,0.47110055423594616,2015-09-09,580148-296
Toninho Pinheiro,0.0,2015-09-10,1306690-9
Professor Victorio Galli,0.0,2015-09-22,1734344-6
Carlos Eduardo Cadoca,0.3680555555555556,2015-09-29,1744988-6
Mendonça Filho,0.0,2015-09-30,1786206-8
Mendonça Filho,0.9855421686746988,2015-10-06,1194736-11
André Figueiredo,0.874251497005988,2015-10-22,1673126-82
Poder Executivo,0.5642333767034171,2015-10-28,1715687-69
Poder Executivo,0.5634907222766755,2015-11-04,1715687-78
Poder Executivo,0.5634907222766755,2015-11-04,1715687-84
Poder Executivo,0.5622657636925504,2015-11-11,1715687-98
Poder Executivo,0.5622657636925504,2015-11-11,1715687-106
Poder Executivo,0.5622657636925504,2015-11-11,1715687-142
Poder Executivo,0.5622657636925504,2015-11-11,1715687-149
Senado Federal - Fátima Bezerra,0.0,2016-03-10,2078488-8
Supremo Tribunal Federal,0.0,2016-04-28,1712931-27
MINISTÉRIO PÚBLICO DA UNIÃO,0.8859060402684564,2016-05-03,533082-25
Supremo Tribunal Federal,0.9753521126760564,2016-05-03,2081484-6
Defensoria Pública da União,0.6067708333333334,2016-05-31,819408-7
Mesa Diretora da Câmara dos Deputados,0.0,2016-05-31,2081629-27
Tribunal de Contas da União,0.0,2016-05-31,2081630-28
Senado Federal - Mesa Diretora do Senado Federal,0.0,2016-05-31,2081631-28
Poder Executivo,0.5606003752345216,2016-05-31,2081729-12
Poder Executivo,0.5606003752345216,2016-05-31,2081730-12
Defensoria Pública da União,0.6067708333333334,2016-05-31,2082670-7
Poder Executivo,0.5606003752345216,2016-05-31,2083179-12
Poder Executivo,0.5606003752345216,2016-05-31,2083180-12
Poder Executivo,0.5606003752345216,2016-05-31,2083181-12
Poder Executivo,0.5606003752345216,2016-05-31,2081879-12
"Senado Federal - Comissão - ATN nº 3, de 2015 - Responsabilidade das Estatais",0.0,2016-06-07,2087004-6
Felipe Bornier,0.0,2016-06-14,2083183-7
Esperidião Amin,0.0,2016-07-06,2090722-6
Senado Federal - José Serra,0.0,2016-07-12,2091284-8
Senado Federal - José Serra,0.7607223476297968,2016-10-05,2078295-167
Senado Federal - José Serra,0.7607223476297968,2016-10-05,2078295-173
Senado Federal - José Serra,0.7607223476297968,2016-10-05,2078295-180
Senado Federal - José Serra,0.25716282320055905,2016-10-24,2078295-211
Senado Federal - José Serra,0.25716282320055905,2016-10-24,2078295-221
Senado Federal - José Serra,0.25716282320055905,2016-10-24,2078295-224
Senado Federal - José Serra,0.20032310177705978,2016-11-09,2078295-253
Marco Antônio Cabral,0.0,2016-11-09,2083149-6
Poder Executivo,0.5859443631039531,2016-11-22,2116257-9
Iniciativa Popular,0.0,2016-11-24,2080937-6
Senado Federal - Marcelo Crivella,0.9407665505226481,2016-11-29,552197-208
Iniciativa Popular,0.8188976377952756,2016-11-29,2080604-354
Iniciativa Popular,0.9062103929024081,2016-11-30,2080604-358
Iniciativa Popular,0.9062103929024081,2016-11-30,2080604-364
Iniciativa Popular,0.9062103929024081,2016-11-30,2080604-367
Iniciativa Popular,0.9062103929024081,2016-11-30,2080604-371
Iniciativa Popular,0.9062103929024081,2016-11-30,2080604-374
Iniciativa Popular,0.9062103929024081,2016-11-30,2080604-377
Iniciativa Popular,0.9062103929024081,2016-11-30,2080604-380
Iniciativa Popular,0.9062103929024081,2016-11-30,2080604-384
Iniciativa Popular,0.9062103929024081,2016-11-30,2080604-387
Iniciativa Popular,0.9062103929024081,2016-11-30,2080604-390
Iniciativa Popular,0.9062103929024081,2016-11-30,2080604-393
Iniciativa Popular,0.9062103929024081,2016-11-30,2080604-396
Iniciativa Popular,0.9062103929024081,2016-11-30,2080604-399
Iniciativa Popular,0.9062103929024081,2016-11-30,2080604-402
Senado Federal - Aloysio Nunes Ferreira,0.0,2016-12-06,1594910-125
Maurício Quintella Lessa,0.0,2017-02-07,2077499-15
Senado Federal - Pedro Taques,0.0,2017-02-08,2091285-14
Augusto Coutinho,0.0,2017-02-15,2120382-10
Senado Federal - Comissão Diretora do Senado Federal,0.0,2017-02-15,2118402-63
Efraim Filho,0.9111969111969112,2017-03-14,2124774-6
Rôney Nemer,0.0,2017-04-04,2088280-73
Rôney Nemer,0.0,2017-04-04,2088280-79
Poder Executivo,0.5878777353247655,2017-04-18,2129647-5
Poder Executivo,0.5878144406605043,2017-04-19,2129925-6
Poder Executivo,0.588532835989601,2017-04-26,2122076-298
Poder Executivo,0.588532835989601,2017-04-26,2122076-304
Poder Executivo,0.588532835989601,2017-04-26,2122076-316
Poder Executivo,0.588532835989601,2017-04-26,2122076-324
Poder Executivo,0.588532835989601,2017-04-26,2122076-348
Poder Executivo,0.588532835989601,2017-04-26,2122076-358
Poder Executivo,0.5772443972947885,2017-04-27,2122076-371
Poder Executivo,0.5772443972947885,2017-04-27,2122076-387
Poder Executivo,0.5772443972947885,2017-04-27,2122076-391
Poder Executivo,0.5727659792756745,2017-06-13,2141401-6
Senado Federal - José Serra,0.21299894030377958,2017-08-08,2139901-5
Senado Federal - Marcelo Crivella,0.8887147335423198,2017-08-08,2132902-18
Senado Federal - Marcelo Crivella,0.8779296875,2017-08-16,2024315-53
Senado Federal - Ronaldo Caiado,0.0,2017-09-27,2153290-6
Senado Federal - Ronaldo Caiado,0.5111111111111111,2017-10-03,2153714-7
"Comissão Especial para análise, estudo e formulação de proposições relacionadas à Reforma Política",0.0,2017-10-04,2151995-58
Senado Federal - Ronaldo Caiado,0.5315420560747663,2017-10-04,2153100-53
Senado Federal - Ronaldo Caiado,0.5315420560747663,2017-10-04,2153100-59
"Comissão Especial para análise, estudo e formulação de proposições relacionadas à Reforma Política",0.5532407407407407,2017-10-05,2151995-82
Pauderney Avelino,0.0,2017-10-17,2156497-8
Pauderney Avelino,0.6338797814207651,2017-10-18,2156331-35
Pauderney Avelino,0.6338797814207651,2017-10-18,2156331-50
Rubinelli,0.0,2017-11-07,150629-195
Rubinelli,0.0,2017-11-07,150629-204
Delegado Protógenes,0.0,2017-11-07,583317-15
Claudio Cajado,0.0,2017-11-09,537672-97
Evandro Gussi,0.0,2017-11-22,2162566-7
Nilson Leitão,0.0,2017-11-29,2163629-6
Fernando Monteiro,0.0,2017-12-06,2164332-6
Senado Federal - Lúcia Vânia,0.0,2017-12-06,2162525-6
Fernando Monteiro,0.0,2017-12-06,2164134-31
Dagoberto Nogueira,0.0,2017-12-12,2129185-69
Dagoberto Nogueira,0.0,2017-12-12,2129185-75
Dagoberto Nogueira,0.0,2017-12-12,2129185-86
"Comissão Especial para análise, estudo e formulação de proposições relacionadas à Reforma Política",0.49277456647398843,2017-12-13,2139214-8
José Carlos Coutinho,0.0,2017-12-13,2137715-10
Carlos Zarattini,0.4549689440993789,2017-12-19,2077691-20
Rôney Nemer,0.5533249686323714,2018-02-28,2088280-111
Rôney Nemer,0.5533249686323714,2018-02-28,2088280-114
Perpétua Almeida,0.0,2018-03-13,109150-238
Poder Executivo,0.5748755460733517,2018-03-14,2169217-6
Carlos Eduardo Cadoca,0.7057926829268293,2018-03-20,2149372-22
Poder Executivo,0.57784875386666,2018-03-21,2166260-19
Poder Executivo,0.5807536174133938,2018-04-10,542102-101
Poder Executivo,0.5807536174133938,2018-04-10,542102-108
Poder Executivo,0.5807536174133938,2018-04-10,542102-128
Poder Executivo,0.5735415553504639,2018-04-11,542102-144
Poder Executivo,0.5735415553504639,2018-04-11,542102-150
Poder Executivo,0.5735415553504639,2018-04-11,542102-154
Poder Executivo,0.5735415553504639,2018-04-11,542102-156
Poder Executivo,0.5735415553504639,2018-04-11,542102-160
Poder Executivo,0.5735415553504639,2018-04-11,542102-163
Poder Executivo,0.5735415553504639,2018-04-11,542102-169
Poder Executivo,0.5735415553504639,2018-04-11,542102-184
Superior Tribunal de Justiça,0.0,2018-05-09,2173291-6
Julio Lopes,0.0,2018-05-28,2175597-7
Celso Russomanno,0.9878048780487805,2018-06-06,1214970-60
Celso Russomanno,0.9878048780487805,2018-06-06,1214970-100
Julio Lopes,0.948220064724919,2018-06-06,2166092-33
José Carlos Aleluia,0.0,2018-06-13,2164596-9
Mendonça Filho,0.6160287081339713,2018-06-13,2177118-7
José Carlos Aleluia,0.7150127226463104,2018-06-19,2158425-38
José Carlos Aleluia,0.7150127226463104,2018-06-19,2158425-41
José Carlos Aleluia,0.7150127226463104,2018-06-19,2158425-52
José Carlos Aleluia,0.7150127226463104,2018-06-19,2158425-62
José Carlos Aleluia,0.33314732142857145,2018-06-20,2158425-87
José Carlos Aleluia,0.33314732142857145,2018-06-20,2158425-105
José Carlos Aleluia,0.33314732142857145,2018-06-20,2158425-108
José Carlos Aleluia,0.33314732142857145,2018-06-20,2158425-111
José Carlos Aleluia,0.33314732142857145,2018-06-20,2158425-114
José Carlos Aleluia,0.33314732142857145,2018-06-20,2158425-120
Poder Executivo,0.5612051872279327,2018-07-03,2180608-7
José Carlos Aleluia,0.25545502927088876,2018-07-04,2158425-147
José Carlos Aleluia,0.25545502927088876,2018-07-04,2158425-150
José Carlos Aleluia,0.25545502927088876,2018-07-04,2158425-154
Poder Executivo,0.5618739683903498,2018-07-04,2177451-57
Poder Executivo,0.5618739683903498,2018-07-04,2177451-73
Poder Executivo,0.5618739683903498,2018-07-04,2177451-75
Poder Executivo,0.5618739683903498,2018-07-04,2177451-78
Poder Executivo,0.5618739683903498,2018-07-04,2177451-83
Poder Executivo,0.5618739683903498,2018-07-04,2177451-86
Poder Executivo,0.5618739683903498,2018-07-04,2177451-90
Poder Executivo,0.5502179655120579,2018-07-10,2177451-109
Poder Executivo,0.5502179655120579,2018-07-10,2177451-123
Poder Executivo,0.5502179655120579,2018-07-10,2177451-126
Poder Executivo,0.5502179655120579,2018-07-10,2177451-129
Poder Executivo,0.5502179655120579,2018-07-10,2177451-131
Poder Executivo,0.5448442534908701,2018-11-20,2186805-6
Senado Federal - Demóstenes Torres,0.0,2018-11-27,2160639-11
Senado Federal - Roberto Requião,0.0,2018-11-27,2187020-9
Senado Federal - Eunício Oliveira,0.0,2018-11-27,2182535-20
Senado Federal - Eunício Oliveira,0.0,2018-11-27,2182535-22
Poder Executivo,0.5469605330599693,2019-02-12,2179189-45
Poder Executivo,0.5469605330599693,2019-02-12,2179189-59
Marcos de Jesus,0.0,2019-03-12,28692-121
Marcos de Jesus,0.0,2019-03-12,28692-138
Carlos Eduardo Cadoca,0.7212643678160919,2019-03-19,1672576-97
Carlos Eduardo Cadoca,0.7212643678160919,2019-03-19,1672576-101
Carlos Eduardo Cadoca,0.7212643678160919,2019-03-19,1672576-109
Carlos Eduardo Cadoca,0.5106382978723404,2019-03-20,1672576-120
Carlos Eduardo Cadoca,0.5106382978723404,2019-03-20,1672576-124
Carlos Eduardo Cadoca,0.5106382978723404,2019-03-20,1672576-128
Carlos Eduardo Cadoca,0.5106382978723404,2019-03-20,1672576-133
Carlos Eduardo Cadoca,0.5106382978723404,2019-03-20,1672576-136
Carlos Eduardo Cadoca,0.5106382978723404,2019-03-20,1672576-141
Carlos Eduardo Cadoca,0.5106382978723404,2019-03-20,1672576-147
Carlos Eduardo Cadoca,0.5106382978723404,2019-03-20,1672576-150
Carlos Eduardo Cadoca,0.5106382978723404,2019-03-20,1672576-153
Marcelo Ramos,0.0,2019-03-26,2194357-6
Carlos Eduardo Cadoca,0.3793579565067311,2019-03-26,1672576-171
Carlos Eduardo Cadoca,0.3793579565067311,2019-03-26,1672576-177
Carlos Eduardo Cadoca,0.3793579565067311,2019-03-26,1672576-193
Elmar Nascimento,0.0,2019-04-02,2193540-77
Elmar Nascimento,0.32505643340857787,2019-04-24,2193540-135
Júlio Delgado,0.0,2019-06-25,2201529-33
Júlio Delgado,0.0,2019-06-25,2201532-39
Senado Federal - Ronaldo Caiado,0.5101449275362319,2019-06-26,2186621-64
Senado Federal - Ronaldo Caiado,0.5101449275362319,2019-06-26,2186621-101
Senado Federal - Ronaldo Caiado,0.5101449275362319,2019-06-26,2186621-115
Senado Federal - Raimundo Lira,0.0,2019-07-09,2158536-10
Senado Federal - Raimundo Lira,0.0,2019-07-09,2147241-38
Senado Federal - Raimundo Lira,0.0,2019-07-09,2147241-44
Senado Federal - Raimundo Lira,0.0,2019-07-09,2147241-47
Senado Federal - Raimundo Lira,0.0,2019-07-09,2147241-51
Senado Federal - Raimundo Lira,0.0,2019-07-09,2147241-54
Senado Federal - Raimundo Lira,0.0,2019-07-09,2147241-60
Senado Federal - Randolfe Rodrigues,0.0,2019-08-14,2215146-4
Senado Federal - Randolfe Rodrigues,0.0,2019-08-14,2136580-62
Senado Federal - Marcos Rogério,0.0,2019-08-20,2215293-9
Senado Federal - Raimundo Lira,0.4343288952860741,2019-08-20,2147241-66
Senado Federal - Raimundo Lira,0.4343288952860741,2019-08-20,2147241-69
Senado Federal - Raimundo Lira,0.4343288952860741,2019-08-20,2147241-72
Senado Federal - Marcos Rogério,0.7880952380952381,2019-08-21,2210523-26
Senado Federal - Marcos Rogério,0.7880952380952381,2019-08-21,2210523-35
Senado Federal - Marcos Rogério,0.7880952380952381,2019-08-21,2210523-38
José Carlos Elias,0.0,2019-08-21,2214811-8
Senado Federal - Marcos Rogério,0.7880952380952381,2019-08-21,2210523-43
Senado Federal - Marcos Rogério,0.7880952380952381,2019-08-21,2210523-47
Senado Federal - Marcos Rogério,0.7880952380952381,2019-08-21,2210523-59
Senado Federal - Marcos Rogério,0.7880952380952381,2019-08-21,2210523-62
Senado Federal - Marcos Rogério,0.7880952380952381,2019-08-21,2210523-66
Senado Federal - Marcos Rogério,0.7880952380952381,2019-08-21,2210523-70
Poder Executivo,0.5408815204205418,2019-08-27,2204056-138
Poder Executivo,0.5408815204205418,2019-08-27,2204056-146
Poder Executivo,0.5408815204205418,2019-08-27,2204056-153
Poder Executivo,0.5298671471281209,2019-09-03,2204056-174
Poder Executivo,0.5298671471281209,2019-09-03,2204056-183
Poder Executivo,0.5298671471281209,2019-09-03,2204056-190
Lucas Vergilio,0.41292134831460675,2019-09-03,2187087-39
Lucas Vergilio,0.41292134831460675,2019-09-03,2187087-53
Lucas Vergilio,0.41292134831460675,2019-09-03,2187087-60
Lucas Vergilio,0.3648293963254593,2019-09-04,2187087-67
Lucas Vergilio,0.3648293963254593,2019-09-04,2187087-99
Eros Biondini,0.0,2019-09-10,2214151-11
Tribunal de Justiça do Distrito Federal e dos Territórios,0.0,2019-09-17,2219905-7
Lucas Vergilio,0.3243474540008558,2019-09-18,2187087-144
Lucas Vergilio,0.3243474540008558,2019-09-18,2187087-155
Lucas Vergilio,0.3243474540008558,2019-09-18,2187087-162
Lucas Vergilio,0.3243474540008558,2019-09-18,2187087-169
Lucas Vergilio,0.3243474540008558,2019-09-18,2187087-172
Lucas Vergilio,0.3243474540008558,2019-09-18,2187087-174
Lucas Vergilio,0.3243474540008558,2019-09-18,2187087-179
Lucas Vergilio,0.3243474540008558,2019-09-18,2187087-182
Lucas Vergilio,0.3243474540008558,2019-09-18,2187087-185
Lucas Vergilio,0.3243474540008558,2019-09-18,2187087-189
Lucas Vergilio,0.3243474540008558,2019-09-18,2187087-192
Lucas Vergilio,0.3243474540008558,2019-09-18,2187087-194
Lucas Vergilio,0.3243474540008558,2019-09-18,2187087-196
Otaci Nascimento,0.0,2019-10-02,2212362-47
Paulo Ganime,0.0,2019-10-09,2224760-5
André Amaral,0.0,2019-10-16,2163986-7
Alessandro Molon,0.0,2019-10-16,2164719-7
Mariana Carvalho,0.0,2019-10-16,2222991-6
Paulo Ganime,0.968299711815562,2019-10-16,2224574-5
Poder Executivo,0.5239072757906152,2019-10-29,2209381-70
Poder Executivo,0.5207660359944624,2019-10-30,2209381-77
Medeiros,0.0,2019-10-30,2226362-7
Silas Câmara,0.0,2019-10-30,2215381-8
BILAC PINTO,0.0,2019-10-30,2226336-8
Poder Executivo,0.517420438708692,2019-11-05,2209381-85
Poder Executivo,0.517420438708692,2019-11-05,2209381-92
Poder Executivo,0.517420438708692,2019-11-05,2209381-95
Poder Executivo,0.517420438708692,2019-11-05,2209381-100
Senado Federal - Comissão Mista de Desburocratização,0.0,2019-11-06,2200900-17
Alexis Fonteyne,0.0,2019-11-06,2222992-9
Poder Executivo,0.5097973663193477,2019-11-06,2227826-24
Otavio Leite,0.0,2019-11-19,2229812-6
Senado Federal - Paulo Davim,0.0,2019-11-20,2209722-11
Senado Federal - Paulo Davim,0.9086294416243654,2019-11-26,2075448-116
Senado Federal - Tasso Jereissati,0.0,2019-11-27,2230573-7
BILAC PINTO,0.961764705882353,2019-11-27,2218250-71
Otavio Leite,0.8103448275862069,2019-11-27,2082511-75
Marcelo Calero,0.0,2019-12-04,2227917-37
Marcelo Calero,0.0,2019-12-04,2227917-42
Wladimir Costa,0.0,2019-12-04,2232173-4
Wladimir Costa,0.0,2019-12-04,2178170-53
Wladimir Costa,0.0,2019-12-04,2178170-58
Senado Federal - Aloízio Mercadante,0.9166666666666666,2019-12-09,358126-146
Senado Federal - Aloízio Mercadante,0.9166666666666666,2019-12-09,358126-152
Senado Federal - Tasso Jereissati,0.6915167095115681,2019-12-11,2207613-130
Senado Federal - Tasso Jereissati,0.6915167095115681,2019-12-11,2207613-135
Senado Federal - Tasso Jereissati,0.6915167095115681,2019-12-11,2207613-144
Senado Federal - Tasso Jereissati,0.6915167095115681,2019-12-11,2207613-147
Senado Federal - Tasso Jereissati,0.6915167095115681,2019-12-11,2207613-150
Senado Federal - Tasso Jereissati,0.6915167095115681,2019-12-11,2207613-154
Senado Federal - Tasso Jereissati,0.6915167095115681,2019-12-11,2207613-156
Senado Federal - Tasso Jereissati,0.6915167095115681,2019-12-11,2207613-160
Senado Federal - Tasso Jereissati,0.6915167095115681,2019-12-11,2207613-166
Senado Federal - Tasso Jereissati,0.6915167095115681,2019-12-11,2207613-167
Senado Federal - Tasso Jereissati,0.6915167095115681,2019-12-11,2207613-171
Senado Federal - Tasso Jereissati,0.6915167095115681,2019-12-11,2207613-174
Senado Federal - Tasso Jereissati,0.6915167095115681,2019-12-11,2207613-180
Senado Federal - Tasso Jereissati,0.6915167095115681,2019-12-11,2207613-183
Senado Federal - Tasso Jereissati,0.49022643700406426,2019-12-17,2207613-192
Senado Federal - Tasso Jereissati,0.49022643700406426,2019-12-17,2207613-195
Senado Federal - Tasso Jereissati,0.49022643700406426,2019-12-17,2207613-203
Senado Federal - Tasso Jereissati,0.49022643700406426,2019-12-17,2207613-205
Senado Federal - Tasso Jereissati,0.49022643700406426,2019-12-17,2207613-209
Senado Federal - Tasso Jereissati,0.49022643700406426,2019-12-17,2207613-213
Joice Hasselmann,0.0,2020-04-09,2242282-7
Senado Federal - Randolfe Rodrigues,0.7528216704288939,2020-04-16,2242868-76
Denis Bezerra,0.0,2020-04-28,2242140-63
Denis Bezerra,0.0,2020-04-28,2242140-72
Denis Bezerra,0.0,2020-04-28,2242140-81
Hiran Gonçalves,0.0,2020-04-29,2242488-47
Hiran Gonçalves,0.0,2020-04-29,2242488-56
Senado Federal - Antonio Anastasia,0.0,2020-05-14,2247564-60
Frei Anastacio Ribeiro,0.0,2020-06-09,2242322-7
Marcelo Ramos,0.8067632850241546,2020-06-09,2244773-6
Clarissa Garotinho,0.0,2020-06-09,2247459-6
Hélio Leite,0.0,2020-06-17,2242000-83
Hélio Leite,0.0,2020-06-17,2242000-90
Denis Bezerra,0.43801039346696363,2020-06-18,2242140-138
Poder Executivo,0.5080876934414149,2020-06-23,2206203-119
Poder Executivo,0.5080876934414149,2020-06-23,2206203-138
Poder Executivo,0.5080876934414149,2020-06-23,2206203-146
Poder Executivo,0.5067074267218126,2020-06-24,2206203-165
Poder Executivo,0.5067074267218126,2020-06-24,2206203-171
Poder Executivo,0.5067074267218126,2020-06-24,2206203-177
Poder Executivo,0.5067074267218126,2020-06-24,2206203-188
Poder Executivo,0.5067074267218126,2020-06-24,2206203-197
Poder Executivo,0.5067074267218126,2020-06-24,2206203-200
Poder Executivo,0.5067074267218126,2020-06-24,2206203-220
Poder Executivo,0.5067074267218126,2020-06-24,2206203-223
Poder Executivo,0.5067074267218126,2020-06-24,2206203-231
Poder Executivo,0.5067074267218126,2020-06-24,2206203-234
Poder Executivo,0.5067074267218126,2020-06-24,2206203-239
Reginaldo Lopes,0.0,2020-07-14,2247980-114
Efraim Filho,0.9027355623100304,2020-07-15,2253356-65
Marcelo Ramos,0.7780487804878049,2020-07-15,2243108-76
Júlio Delgado,0.08561643835616438,2020-07-16,2253471-47
Senado Federal - Davi Alcolumbre,0.0,2020-07-20,2236858-34
Antonio Carlos Mendes Thame,0.0,2020-07-29,2230248-6
Arthur Lira,0.0,2020-07-29,2253458-7
Cezinha de Madureira,0.0,2020-07-29,2255237-7
Arthur Lira,0.9615384615384616,2020-08-04,2253431-33
Marcos Aurélio Sampaio,0.0,2020-08-05,2250300-35
Marcos Aurélio Sampaio,0.0,2020-08-05,2250300-52
Perpétua Almeida,0.07356948228882834,2020-08-13,2251922-8
Superior Tribunal de Justiça,0.8039772727272727,2020-08-25,2228978-53
Fabio Schiochet,0.0,2020-08-26,2255387-65
Fabio Schiochet,0.0,2020-08-26,2255387-98
Mariana Carvalho,0.9712041884816754,2020-09-01,2242821-110
Mariana Carvalho,0.9712041884816754,2020-09-01,2242821-129
Antonio Carlos Mendes Thame,0.7374429223744292,2020-09-01,593065-141
Antonio Carlos Mendes Thame,0.7374429223744292,2020-09-01,593065-172
Antonio Carlos Mendes Thame,0.7374429223744292,2020-09-01,593065-178
Antonio Carlos Mendes Thame,0.7374429223744292,2020-09-01,593065-189
Júlio Delgado,0.1918489065606362,2020-09-22,2253471-108
Poder Executivo,0.5062014221928229,2020-12-07,2260433-53
Poder Executivo,0.5062014221928229,2020-12-07,2260433-58
Poder Executivo,0.5062014221928229,2020-12-07,2260433-64
Poder Executivo,0.5062014221928229,2020-12-07,2260433-76
Poder Executivo,0.5062014221928229,2020-12-07,2260433-81
Poder Executivo,0.5062014221928229,2020-12-07,2260433-83
Poder Executivo,0.5062014221928229,2020-12-07,2260433-87
Poder Executivo,0.5062014221928229,2020-12-07,2260433-92
Poder Executivo,0.5062014221928229,2020-12-07,2260433-96
Poder Executivo,0.5062014221928229,2020-12-07,2260433-104
Poder Executivo,0.5062014221928229,2020-12-07,2260433-108
Poder Executivo,0.5062014221928229,2020-12-07,2260433-116
Poder Executivo,0.5062014221928229,2020-12-07,2260433-124
Poder Executivo,0.5062014221928229,2020-12-07,2260433-129
Poder Executivo,0.5062014221928229,2020-12-07,2260433-136
Poder Executivo,0.5062014221928229,2020-12-07,2260433-145
Poder Executivo,0.49333333333333335,2020-12-08,2260433-156
Poder Executivo,0.49333333333333335,2020-12-08,2260433-162
Poder Executivo,0.49333333333333335,2020-12-08,2260433-167
Poder Executivo,0.49333333333333335,2020-12-08,2260433-176
Poder Executivo,0.49333333333333335,2020-12-08,2260433-194
Poder Executivo,0.49333333333333335,2020-12-08,2260433-198
Poder Executivo,0.49333333333333335,2020-12-08,2260433-200
Poder Executivo,0.49333333333333335,2020-12-08,2260433-204
Poder Executivo,0.49333333333333335,2020-12-08,2260433-210
Raul Henry,0.0,2020-12-08,2266253-8
Poder Executivo,0.49333333333333335,2020-12-08,2258717-9
Silas Câmara,0.9420289855072463,2020-12-08,2265440-8
Arnaldo Jardim,0.0,2020-12-09,2266304-9
Rosangela Gomes,0.0,2020-12-10,946625-101
Raul Henry,0.9672897196261683,2020-12-10,2261121-82
Raul Henry,0.9672897196261683,2020-12-10,2261121-88
Raul Henry,0.9672897196261683,2020-12-10,2261121-90
Raul Henry,0.9672897196261683,2020-12-10,2261121-99
Raul Henry,0.9672897196261683,2020-12-10,2261121-104
Raul Henry,0.9672897196261683,2020-12-10,2261121-110
Raul Henry,0.5606837606837607,2020-12-11,2261121-114
Aureo,0.0,2020-12-15,2233718-10
Daniel Silveira,0.0,2020-12-15,2266321-8
Hélio Leite,0.5545454545454546,2020-12-16,2242000-151
Raul Henry,0.5542204866326224,2020-12-17,2261121-172
Raul Henry,0.5542204866326224,2020-12-17,2261121-177
Antonio Brito,0.0,2020-12-21,2256246-12
Rubens Bueno,0.0,2020-12-21,946475-111
Rubens Bueno,0.0,2020-12-21,946475-127
Rubens Bueno,0.0,2020-12-21,946475-129
Rubens Bueno,0.0,2020-12-21,946475-131
Rubens Bueno,0.0,2020-12-21,946475-138
Senado Federal - Randolfe Rodrigues,0.6262773722627737,2020-12-21,618055-78
Senado Federal - Randolfe Rodrigues,0.6262773722627737,2020-12-21,618055-89
Capitão Wagner,0.0,2020-12-21,2191205-43
Capitão Wagner,0.0,2020-12-21,2191205-54
Capitão Wagner,0.0,2020-12-21,2191205-76
Capitão Wagner,0.0,2020-12-21,2191205-79
Arnaldo Jardim,0.7539863325740319,2020-12-22,2265295-39
Arnaldo Jardim,0.7539863325740319,2020-12-22,2265295-61
Arnaldo Jardim,0.7539863325740319,2020-12-22,2265295-72
Arnaldo Jardim,0.7539863325740319,2020-12-22,2265295-74
Ricardo Guidi,0.0,2020-12-22,2254441-9
Chico D'Angelo,0.0,2020-12-22,2265599-15
Poder Executivo,0.4927971706251078,2020-12-22,2224067-44
Poder Executivo,0.4927971706251078,2020-12-22,2224067-58
Luizão Goulart,0.0,2021-02-09,2269049-8
Alex Manente,0.0,2021-02-09,2269480-8
Poder Executivo,0.4893489861259338,2021-02-10,2224067-81
Poder Executivo,0.4893489861259338,2021-02-10,2224067-84
Poder Executivo,0.4893489861259338,2021-02-10,2224067-87
Poder Executivo,0.4893489861259338,2021-02-10,2224067-90
Poder Executivo,0.4893489861259338,2021-02-10,2224067-92
Senado Federal - Rodrigo Pacheco,0.0,2021-03-02,2270971-60
Senado Federal - Izalci Lucas,0.0,2021-03-03,2266921-7
André de Paula,0.0,2021-03-03,2268029-104
Antonio Carlos Mendes Thame,0.47327121137812656,2021-03-16,593065-252
Antonio Carlos Mendes Thame,0.47327121137812656,2021-03-16,593065-263
Antonio Carlos Mendes Thame,0.47327121137812656,2021-03-16,593065-267
Antonio Carlos Mendes Thame,0.47327121137812656,2021-03-16,593065-272
Antonio Carlos Mendes Thame,0.47327121137812656,2021-03-16,593065-277
Antonio Carlos Mendes Thame,0.47327121137812656,2021-03-16,593065-280
Antonio Carlos Mendes Thame,0.47327121137812656,2021-03-16,593065-285
Antonio Carlos Mendes Thame,0.47327121137812656,2021-03-16,593065-291
Antonio Carlos Mendes Thame,0.4152236652236652,2021-03-17,593065-305
Margarete Coelho,0.0,2021-03-18,2273570-9
Professora Rosa Neide,0.0,2021-03-18,2273738-9
Senado Federal - Plínio Valério,0.0,2021-03-18,2273740-9
Carla Dickson,0.0,2021-03-18,2273736-9
Vitor Hugo,0.0,2021-03-18,2270577-9
Franco Cartafina,0.0,2021-03-31,2251961-45
Franco Cartafina,0.0,2021-03-31,2251961-48
Hildo Rocha,0.0,2021-04-06,2276120-16
Hildo Rocha,0.0,2021-04-06,2274204-47
Hildo Rocha,0.0,2021-04-06,2274204-57
Hildo Rocha,0.0,2021-04-06,2274204-67
Hildo Rocha,0.0,2021-04-06,2274204-81
Hildo Rocha,0.0,2021-04-06,2274204-85
Hildo Rocha,0.0,2021-04-06,2274204-88
Hildo Rocha,0.0,2021-04-06,2274204-97
Hildo Rocha,0.0,2021-04-06,2274204-101
Hildo Rocha,0.0,2021-04-06,2274204-104
Hildo Rocha,0.0,2021-04-06,2274204-110
Hildo Rocha,0.43742151527835915,2021-04-07,2274204-137
Hildo Rocha,0.43742151527835915,2021-04-07,2274204-149
Hildo Rocha,0.43742151527835915,2021-04-07,2274204-151
Hildo Rocha,0.43742151527835915,2021-04-07,2274204-155
Vinicius Carvalho,0.0,2021-04-07,2275192-9
Luis Miranda,0.0,2021-04-13,2270163-9
General Peternelli,0.0,2021-04-13,2274464-8
Poder Executivo,0.4923166780236132,2021-04-20,2275355-10
Poder Executivo,0.4923166780236132,2021-04-20,2278141-8
General Peternelli,0.6993166287015945,2021-04-20,2267745-52
General Peternelli,0.6993166287015945,2021-04-20,2267745-65
General Peternelli,0.6993166287015945,2021-04-20,2267745-68
General Peternelli,0.6993166287015945,2021-04-20,2267745-74
General Peternelli,0.6993166287015945,2021-04-20,2267745-89
General Peternelli,0.6993166287015945,2021-04-20,2267745-94
General Peternelli,0.6993166287015945,2021-04-20,2267745-99
General Peternelli,0.6993166287015945,2021-04-20,2267745-104
Aluisio Mendes,0.0,2021-04-22,2253453-10
Marçal Filho,0.0,2021-04-29,2279545-9
Rodrigo de Castro,0.0,2021-04-29,2277242-56
Carlos Jordy,0.0,2021-05-05,2278599-8
Guilherme Mussi,0.0,2021-05-05,2243079-81
Esperidião Amin,0.9226666666666666,2021-05-06,498347-156
Vitor Hugo,0.859375,2021-05-06,2255149-49
Vitor Hugo,0.859375,2021-05-06,2255149-75
Vitor Hugo,0.859375,2021-05-06,2255149-80
Vitor Hugo,0.859375,2021-05-06,2255149-83
Vitor Hugo,0.859375,2021-05-06,2255149-89
Vitor Hugo,0.859375,2021-05-06,2255149-92
Vitor Hugo,0.859375,2021-05-06,2255149-94
Vitor Hugo,0.859375,2021-05-06,2255149-97
Vitor Hugo,0.859375,2021-05-06,2255149-100
Vitor Hugo,0.859375,2021-05-06,2255149-106
Vitor Hugo,0.859375,2021-05-06,2255149-115
Vitor Hugo,0.859375,2021-05-06,2255149-120
Laercio Oliveira,0.0,2021-05-11,2259474-8
Luiz Alberto,0.0,2021-05-12,257161-294
Luiz Alberto,0.0,2021-05-12,257161-303
Luiz Alberto,0.0,2021-05-12,257161-309
Luiz Alberto,0.0,2021-05-12,257161-323
Luiz Alberto,0.0,2021-05-12,257161-328
Luiz Alberto,0.0,2021-05-12,257161-331
Luiz Alberto,0.0,2021-05-12,257161-335
Luiz Alberto,0.0,2021-05-12,257161-337
Luiz Alberto,0.2365046227259171,2021-05-13,257161-346
Luiz Alberto,0.2365046227259171,2021-05-13,257161-358
Luiz Alberto,0.2365046227259171,2021-05-13,257161-363
Luiz Alberto,0.2365046227259171,2021-05-13,257161-367
Luiz Alberto,0.2365046227259171,2021-05-13,257161-371
Luiz Alberto,0.2365046227259171,2021-05-13,257161-374
Luiz Alberto,0.2365046227259171,2021-05-13,257161-380
Luiz Alberto,0.2365046227259171,2021-05-13,257161-383
Luiz Alberto,0.2365046227259171,2021-05-13,257161-386
Mariana Carvalho,0.7661351556567958,2021-05-18,2282258-7
Professora Rosa Neide,0.9532710280373832,2021-05-18,2241695-65
Senado Federal - Marcos Rogério,0.28800886181113267,2021-05-26,2270117-9
Leandre,0.0,2021-06-08,2207429-60
Jaqueline Cassol,0.0,2021-06-08,2279258-8
Senado Federal - Comissão da Reforma Política do Senado Federal,0.0,2021-06-09,2286125-7
Vermelho,0.0,2021-06-09,2211629-12
Senado Federal - Wellington Fagundes,0.0,2021-06-15,2279750-39
Carlos Jordy,0.8132387706855791,2021-06-15,2276475-58
Carlos Jordy,0.8132387706855791,2021-06-15,2276475-67
Roberto de Lucena,0.06497175141242938,2021-06-15,2286932-7
Senado Federal - Cássio Cunha Lima,0.0,2021-06-16,2279938-9
Eduardo Braide,0.0,2021-06-16,2280741-9
Danilo Cabral,0.0,2021-06-16,2287055-9
Roberto de Lucena,0.519893899204244,2021-06-16,2184458-92
Roberto de Lucena,0.519893899204244,2021-06-16,2184458-106
Roberto de Lucena,0.519893899204244,2021-06-16,2184458-111
Roberto de Lucena,0.519893899204244,2021-06-16,2184458-115
Roberto de Lucena,0.519893899204244,2021-06-16,2184458-123
Roberto de Lucena,0.519893899204244,2021-06-16,2184458-127
Roberto de Lucena,0.519893899204244,2021-06-16,2184458-131
Senado Federal - Flávio Arns,0.0,2021-06-17,2287293-9
Senado Federal - Rogério Carvalho,0.0,2021-06-17,2287390-7
Senado Federal - Mara Gabrilli,0.0,2021-06-22,2266146-42
Senado Federal - Rogério Carvalho,0.9028436018957346,2021-06-22,2265123-52
Alex Manente,0.9952153110047847,2021-06-22,2287777-8
Senado Federal - Paulo Paim,0.5094850948509485,2021-06-22,2287908-7
Julio Lopes,0.523972602739726,2021-06-29,2184973-58
Julio Lopes,0.523972602739726,2021-06-29,2184973-62
Julio Lopes,0.523972602739726,2021-06-29,2184973-65
Julio Lopes,0.523972602739726,2021-06-29,2184973-71
Julio Lopes,0.523972602739726,2021-06-29,2184973-76
Luiza Erundina,0.0,2021-06-30,2149785-72
Roberto de Lucena,0.5321592649310873,2021-07-01,2190730-67
Capitão Fábio Abreu,0.0,2021-07-01,2263290-48
Capitão Fábio Abreu,0.0,2021-07-01,2263290-53
Senado Federal - Reguffe,0.0,2021-07-01,2255608-58
Eduardo Bismarck,0.0,2021-07-06,2284777-7
Poder Executivo,0.4953987308738291,2021-07-06,2289537-9
Senado Federal -  Jean Paul Prates,0.0,2021-07-06,2288534-8
Senado Federal - Paulo Paim,0.7661388550548112,2021-07-06,2280928-62
Senado Federal - Paulo Paim,0.7661388550548112,2021-07-06,2280928-69
Senado Federal - Carlos Portinho,0.0,2021-07-06,2288734-8
Rubens Bueno,0.21935483870967742,2021-07-07,2252649-63
Sidney Leite,0.0,2021-07-13,2196355-66
Zé Silva,0.0,2021-07-13,2253137-15
Senado Federal - Flávio Arns,0.969309462915601,2021-07-13,2284931-73
Paula Belmonte,0.0,2021-07-14,2269941-10
Poder Executivo,0.4980327331347851,2021-07-14,2288387-63
Poder Executivo,0.4980327331347851,2021-07-14,2288387-76
Poder Executivo,0.4980327331347851,2021-07-14,2288387-82
Poder Executivo,0.4980327331347851,2021-07-14,2288387-93
Poder Executivo,0.4980327331347851,2021-07-14,2288387-95
Senado Federal - Rodrigo Pacheco,0.7916666666666666,2021-07-14,2286993-44
Professora Rosa Neide,0.7642369020501139,2021-07-14,2241695-100
Tiago Dimas,0.0,2021-07-15,2290114-13
Senado Federal - Cássio Cunha Lima,0.7311320754716981,2021-07-15,2279744-42
Senado Federal - Cássio Cunha Lima,0.7311320754716981,2021-07-15,2279744-49
Senado Federal - Cássio Cunha Lima,0.7311320754716981,2021-07-15,2279744-54
Senado Federal - Cássio Cunha Lima,0.7311320754716981,2021-07-15,2279744-57
Zé Silva,0.746606334841629,2021-08-03,2252589-40
Zé Silva,0.746606334841629,2021-08-03,2252589-46
Zé Silva,0.746606334841629,2021-08-03,2252589-56
Zé Silva,0.746606334841629,2021-08-03,2252589-59
Zé Silva,0.746606334841629,2021-08-03,2252589-62
Zé Silva,0.746606334841629,2021-08-03,2252589-66
Zé Silva,0.746606334841629,2021-08-03,2252589-68
Zé Silva,0.746606334841629,2021-08-03,2252589-70
Zé Silva,0.746606334841629,2021-08-03,2252589-76
Zé Silva,0.746606334841629,2021-08-03,2252589-79
Zé Silva,0.746606334841629,2021-08-03,2252589-82
Zé Silva,0.746606334841629,2021-08-03,2252589-87
Zé Silva,0.746606334841629,2021-08-03,2252589-90
Zé Silva,0.746606334841629,2021-08-03,2252589-101
Poder Executivo,0.4970669220639291,2021-08-04,2292191-9
Poder Executivo,0.4978510123384953,2021-08-05,2270894-75
Poder Executivo,0.4978510123384953,2021-08-05,2270894-81
Poder Executivo,0.4978510123384953,2021-08-05,2270894-96
Poder Executivo,0.4978510123384953,2021-08-05,2270894-93
Poder Executivo,0.4978510123384953,2021-08-05,2270894-103
Poder Executivo,0.4978510123384953,2021-08-05,2270894-111
Poder Executivo,0.4978510123384953,2021-08-05,2270894-114
Poder Executivo,0.4978510123384953,2021-08-05,2270894-117
Poder Executivo,0.4978510123384953,2021-08-05,2270894-120
Poder Executivo,0.4978510123384953,2021-08-05,2270894-123
Poder Executivo,0.4978510123384953,2021-08-05,2270894-129
Poder Executivo,0.4978510123384953,2021-08-05,2270894-132
Poder Executivo,0.4978510123384953,2021-08-05,2270894-139
Poder Executivo,0.4978510123384953,2021-08-05,2270894-143
Poder Executivo,0.4978510123384953,2021-08-05,2270894-148
Senado Federal - Comissão da Reforma Política do Senado Federal,0.9575892857142857,2021-08-12,1594917-39
Poder Executivo,0.4905794091053493,2021-08-17,532363-24
Poder Executivo,0.4905794091053493,2021-08-17,532363-27
Poder Executivo,0.4905794091053493,2021-08-17,2288389-53
Silas Câmara,0.9173228346456693,2021-08-18,2228151-115
Silas Câmara,0.9173228346456693,2021-08-18,2228151-134
Rogério Peninha Mendonça,0.0,2021-08-18,2283740-12
Poder Executivo,0.4917008209035949,2021-08-18,2290774-17
Fred Costa,0.0,2021-08-19,2260458-52
Fred Costa,0.0,2021-08-19,2260458-55
Daniel Silveira,0.7295285359801489,2021-08-19,2266116-68
Daniel Silveira,0.7295285359801489,2021-08-19,2266116-73
Daniel Silveira,0.7295285359801489,2021-08-19,2266116-83
Daniel Silveira,0.7295285359801489,2021-08-19,2266116-87
Rogério Peninha Mendonça,0.7026378896882494,2021-08-25,2199215-59
Rogério Peninha Mendonça,0.7026378896882494,2021-08-25,2199215-68
Rogério Peninha Mendonça,0.7026378896882494,2021-08-25,2199215-82
Rogério Peninha Mendonça,0.7026378896882494,2021-08-25,2199215-85
Rogério Peninha Mendonça,0.4527777777777778,2021-08-26,2199215-94
Rogério Peninha Mendonça,0.4527777777777778,2021-08-26,2199215-97
Rogério Peninha Mendonça,0.4527777777777778,2021-08-26,2199215-101
Rogério Peninha Mendonça,0.4527777777777778,2021-08-26,2199215-104
Rogério Peninha Mendonça,0.4527777777777778,2021-08-26,2199215-107
Rogério Peninha Mendonça,0.4527777777777778,2021-08-26,2199215-112
MINISTÉRIO PÚBLICO DA UNIÃO,0.9393530997304582,2021-08-26,2284912-20
Senado Federal - Nelsinho Trad,0.0,2021-08-31,2295975-8
Comissão de Turismo,0.0,2021-09-01,2296277-8
Professora Dorinha Seabra Rezende,0.0,2021-09-01,2270403-59
Poder Executivo,0.4940805051302289,2021-09-01,2288389-68
Poder Executivo,0.4940805051302289,2021-09-01,2288389-78
Poder Executivo,0.49394953808301495,2021-09-02,2288389-88
Poder Executivo,0.49394953808301495,2021-09-02,2288389-91
Poder Executivo,0.49394953808301495,2021-09-02,2288389-92
Poder Executivo,0.49394953808301495,2021-09-02,2288389-98
Poder Executivo,0.49394953808301495,2021-09-02,2288389-103
Poder Executivo,0.49394953808301495,2021-09-02,2288389-105
Poder Executivo,0.49394953808301495,2021-09-02,2288389-107
Poder Executivo,0.49394953808301495,2021-09-02,2288389-110
Poder Executivo,0.49394953808301495,2021-09-02,2288389-113
Poder Executivo,0.49394953808301495,2021-09-02,2288389-115
Poder Executivo,0.49394953808301495,2021-09-02,2288389-117
Poder Executivo,0.49394953808301495,2021-09-02,2288389-122
Poder Executivo,0.49394953808301495,2021-09-02,2288389-132
Poder Executivo,0.49394953808301495,2021-09-02,2288389-146
Poder Executivo,0.49394953808301495,2021-09-02,2288389-160
Senado Federal - Jorginho Mello,0.0,2021-09-08,2297227-10
Senado Federal - Carlos Fávaro,0.0,2021-09-08,2297849-7
Senado Federal - Angelo Coronel,0.0,2021-09-08,2297870-6
Senado Federal - Carlos Fávaro,0.6666666666666666,2021-09-09,2293710-37
MINISTÉRIO PÚBLICO DA UNIÃO,0.8556789069171649,2021-09-21,2273453-40
MINISTÉRIO PÚBLICO DA UNIÃO,0.8556789069171649,2021-09-21,2273453-49
MINISTÉRIO PÚBLICO DA UNIÃO,0.8556789069171649,2021-09-21,2273453-62
MINISTÉRIO PÚBLICO DA UNIÃO,0.8556789069171649,2021-09-21,2273453-64
MINISTÉRIO PÚBLICO DA UNIÃO,0.8556789069171649,2021-09-21,2273453-69
MINISTÉRIO PÚBLICO DA UNIÃO,0.8556789069171649,2021-09-21,2273453-73
MINISTÉRIO PÚBLICO DA UNIÃO,0.8556789069171649,2021-09-21,2273453-79
MINISTÉRIO PÚBLICO DA UNIÃO,0.8556789069171649,2021-09-21,2273453-83
Ricardo Izar,0.9232613908872902,2021-09-21,2264253-10
Wolney Queiroz,0.0,2021-09-22,2275723-79
Ricardo Barros,0.4877384196185286,2021-09-22,2297260-11
Angela Amin,0.0,2021-09-28,2296914-11
Senado Federal - Nelsinho Trad,0.9616368286445013,2021-09-28,2293230-44
Christiane de Souza Yared,0.0,2021-09-28,2236607-77
Eduardo Bismarck,0.9861878453038674,2021-09-29,2236340-80
Eduardo Bismarck,0.9861878453038674,2021-09-29,2236340-89
Eduardo Bismarck,0.9861878453038674,2021-09-29,2236340-105
Eduardo Bismarck,0.9861878453038674,2021-09-29,2236340-109
Eduardo Bismarck,0.9861878453038674,2021-09-29,2236340-116
Comissão de Relações Exteriores e de Defesa Nacional,0.0,2021-10-05,2296827-14
Aluisio Mendes,0.9081885856079405,2021-10-05,2252939-76
Aluisio Mendes,0.9081885856079405,2021-10-05,2252939-96
Aluisio Mendes,0.9081885856079405,2021-10-05,2252939-100
Aluisio Mendes,0.9081885856079405,2021-10-05,2252939-103
Aluisio Mendes,0.9081885856079405,2021-10-05,2252939-107
Aluisio Mendes,0.9081885856079405,2021-10-05,2252939-112
Roberto de Lucena,0.5691228070175438,2021-10-05,2184458-161
Roberto de Lucena,0.5691228070175438,2021-10-05,2184458-169
Roberto de Lucena,0.5691228070175438,2021-10-05,2184458-172
Roberto de Lucena,0.552236103566902,2021-10-06,2184458-184
Tiago Dimas,0.7625570776255708,2021-10-06,2285889-60
Tiago Dimas,0.7625570776255708,2021-10-06,2285889-72
Tiago Dimas,0.7625570776255708,2021-10-06,2285889-88
Tiago Dimas,0.7625570776255708,2021-10-06,2285889-91
Tiago Dimas,0.7625570776255708,2021-10-06,2285889-95
Tiago Dimas,0.7625570776255708,2021-10-06,2285889-103
Tiago Dimas,0.7625570776255708,2021-10-06,2285889-105
Tiago Dimas,0.7625570776255708,2021-10-06,2285889-119
Tiago Dimas,0.7625570776255708,2021-10-06,2285889-126
Senado Federal - Jorginho Mello,0.7614457831325301,2021-10-07,2293709-40
Senado Federal - Jorginho Mello,0.7614457831325301,2021-10-07,2293709-45
Senado Federal - Jorginho Mello,0.7614457831325301,2021-10-07,2293709-51
Senado Federal - Jorginho Mello,0.7614457831325301,2021-10-07,2293709-56
Cezinha de Madureira,0.5502092050209205,2021-10-07,2255199-44
Ricardo Barros,0.7565217391304347,2021-10-26,2291898-53
Ricardo Barros,0.7565217391304347,2021-10-26,2291898-73
Ricardo Barros,0.7565217391304347,2021-10-26,2291898-78
Comissão de Legislação Participativa,0.0,2021-10-26,298943-63
Procuradoria-Geral da República,0.8429003021148036,2021-10-27,2260444-10
Eduardo Braide,0.9910112359550561,2021-10-27,2194646-123
Eduardo Braide,0.9910112359550561,2021-10-27,2194646-126
Eduardo Braide,0.9910112359550561,2021-10-27,2194646-130
Poder Executivo,0.4808102814638762,2021-10-28,2190265-63
Bilac Pinto,0.0,2021-11-04,2304733-7
Marcelo Ramos,0.7608359133126935,2021-11-04,2305021-8
Jhc,0.0,2021-11-08,2306101-7
Jhc,0.9712460063897763,2021-11-09,2184326-98
Jhc,0.9712460063897763,2021-11-09,2184326-102
Gustavo Fruet,0.0,2021-11-16,2300944-10
Marco Bertaiolli,0.0,2021-11-16,2306916-8
Procuradoria-Geral da República,0.8982558139534884,2021-11-23,2234707-53
Senado Federal - Aelton Freitas,0.0,2021-11-24,2094936-23
Senado Federal - José Serra,0.29182509505703425,2021-11-24,2308028-9
Hildo Rocha,0.40076923076923077,2021-11-24,2226269-18
Bebeto,0.0,2021-11-30,1301128-43
Comissão de Turismo,0.8348017621145375,2021-12-01,2288801-59
Comissão de Turismo,0.8348017621145375,2021-12-01,2288801-72
Comissão de Turismo,0.8348017621145375,2021-12-01,2288801-77
Major Vitor Hugo,0.0,2021-12-08,2211506-10
Rogério Peninha Mendonça,0.38841342988808425,2021-12-08,2199215-162
André Fufuca,0.0,2021-12-08,2305189-27
Professora Dorinha Seabra Rezende,0.9957264957264957,2021-12-08,2301371-65
Professora Dorinha Seabra Rezende,0.9957264957264957,2021-12-08,2301371-72
Professora Dorinha Seabra Rezende,0.9957264957264957,2021-12-08,2301371-74
Professora Dorinha Seabra Rezende,0.9957264957264957,2021-12-08,2301371-78
Poder Executivo,0.4825348097796294,2021-12-08,2263846-8
Aureo,0.7470449172576832,2021-12-08,1555470-234
Senado Federal - José Serra,0.3413190529875986,2021-12-13,2304326-37
Senado Federal - José Serra,0.3413190529875986,2021-12-13,2304326-42
Senado Federal - José Serra,0.2925961082107261,2021-12-14,2304326-64
Poder Executivo,0.48326220543773674,2021-12-15,2260433-305
Poder Executivo,0.48326220543773674,2021-12-15,2260433-312
Poder Executivo,0.48326220543773674,2021-12-15,2260433-329
Poder Executivo,0.48326220543773674,2021-12-15,2260433-338
Senado Federal - Marcos Rogério,0.32578397212543553,2021-12-15,2268069-50
Senado Federal - Marcos Rogério,0.32578397212543553,2021-12-15,2268069-69
Senado Federal - Marcos Rogério,0.32578397212543553,2021-12-15,2268069-73
Senado Federal - BLAIRO MAGGI,0.0,2022-02-09,2312874-9
Senado Federal - BLAIRO MAGGI,0.0,2022-02-09,46249-294
Senado Federal - BLAIRO MAGGI,0.0,2022-02-09,46249-297
Senado Federal - BLAIRO MAGGI,0.0,2022-02-09,46249-305
Senado Federal - BLAIRO MAGGI,0.0,2022-02-09,46249-312
Senado Federal - BLAIRO MAGGI,0.0,2022-02-09,46249-313
Senado Federal - BLAIRO MAGGI,0.0,2022-02-09,46249-316
Senado Federal - BLAIRO MAGGI,0.0,2022-02-09,46249-319
Senado Federal - BLAIRO MAGGI,0.0,2022-02-09,46249-325
Cacá Leão,0.0,2022-02-15,2314199-8
Poder Executivo,0.4822117814021997,2022-02-15,2289980-49
Poder Executivo,0.4822117814021997,2022-02-15,2289980-54
Isnaldo Bulhões Jr.,0.0,2022-02-16,2312673-9
Paulo Abi-Ackel,0.0,2022-02-16,2265631-107
Paulo Abi-Ackel,0.0,2022-02-16,2265631-109
Paulo Abi-Ackel,0.0,2022-02-16,2265631-112
Paulo Abi-Ackel,0.0,2022-02-16,2265631-114
Paulo Abi-Ackel,0.0,2022-02-16,2265631-116
Paulo Abi-Ackel,0.0,2022-02-16,2265631-118
Paulo Abi-Ackel,0.0,2022-02-16,2265631-121
Paulo Abi-Ackel,0.0,2022-02-16,2265631-123
Tiago Dimas,0.5033724706470147,2022-02-16,2285889-176
Tiago Dimas,0.5033724706470147,2022-02-16,2285889-187
Tiago Dimas,0.5033724706470147,2022-02-16,2285889-192
Tiago Dimas,0.5033724706470147,2022-02-16,2285889-195
Tiago Dimas,0.5033724706470147,2022-02-16,2285889-198
Tiago Dimas,0.5033724706470147,2022-02-16,2285889-201
Tiago Dimas,0.4306372159542349,2022-02-17,2285889-205
Comissão de Relações Exteriores e de Defesa Nacional,0.7627118644067796,2022-02-17,2166877-73
Comissão de Relações Exteriores e de Defesa Nacional,0.7627118644067796,2022-02-17,2166877-79
Senado Federal - Cássio Cunha Lima,0.49161159125571935,2022-02-23,2279744-84
Senado Federal - Cássio Cunha Lima,0.49161159125571935,2022-02-23,2279744-86
Senado Federal - Cássio Cunha Lima,0.49161159125571935,2022-02-23,2279744-89
Senado Federal - Cássio Cunha Lima,0.49161159125571935,2022-02-23,2279744-92
Senado Federal - Cássio Cunha Lima,0.49161159125571935,2022-02-23,2279744-97
Senado Federal - Sérgio Petecão,0.0,2022-02-23,2314688-8
Alexandre Frota,0.0,2022-02-24,2279127-75
Alexandre Frota,0.0,2022-02-24,2279127-94
Poder Executivo,0.4837232093399804,2022-03-09,2317406-8
Senado Federal - Sérgio Petecão,0.9777777777777777,2022-03-15,2314499-30
Senado Federal - Sérgio Petecão,0.9777777777777777,2022-03-15,2314499-37
Senado Federal - Sérgio Petecão,0.9777777777777777,2022-03-15,2314499-44
Senado Federal - Sérgio Petecão,0.9777777777777777,2022-03-15,2314499-49
Senado Federal - Sérgio Petecão,0.9777777777777777,2022-03-15,2314499-55
Senado Federal - Sérgio Petecão,0.9777777777777777,2022-03-15,2314499-58
Senado Federal - Sérgio Petecão,0.9777777777777777,2022-03-15,2314499-61
Cacá Leão,0.6173708920187794,2022-03-16,2307548-42
Cacá Leão,0.6173708920187794,2022-03-16,2307548-61
Cacá Leão,0.6173708920187794,2022-03-16,2307548-67
Cacá Leão,0.6173708920187794,2022-03-16,2307548-68
Cacá Leão,0.6173708920187794,2022-03-16,2307548-71
Cacá Leão,0.6173708920187794,2022-03-16,2307548-75
Dra. Soraya Manato,0.0,2022-03-16,2299480-8
Tribunal de Justiça do Distrito Federal e dos Territórios,0.33753148614609574,2022-03-16,2311733-9
Senado Federal - Fabiano Contarato,0.0,2022-03-22,2309906-9
Mário Heringer,0.0,2022-03-22,352989-160
Mário Heringer,0.0,2022-03-22,352989-165
Mário Heringer,0.0,2022-03-22,352989-170
Senado Federal - Ana Amélia,0.0,2022-03-23,2318116-8
Senado Federal - Nelsinho Trad,0.9539227895392279,2022-03-24,2315172-9
Dr. Sinval Malheiros,0.0,2022-03-29,2144995-99
Dr. Sinval Malheiros,0.0,2022-03-29,2144995-104
Dra. Soraya Manato,0.7614457831325301,2022-03-29,2267065-45
Dra. Soraya Manato,0.7614457831325301,2022-03-29,2267065-55
Dra. Soraya Manato,0.7614457831325301,2022-03-29,2267065-67
Dra. Soraya Manato,0.7614457831325301,2022-03-29,2267065-75
Cezinha de Madureira,0.5855338691159586,2022-03-30,2255199-60
Cezinha de Madureira,0.5855338691159586,2022-03-30,2255199-68
Cezinha de Madureira,0.5855338691159586,2022-03-30,2255199-78
Cezinha de Madureira,0.5855338691159586,2022-03-30,2255199-80
Cezinha de Madureira,0.5855338691159586,2022-03-30,2255199-88
Tiago Mitraud,0.0,2022-03-31,2318165-12
Luiz Carlos Hauly,0.0,2022-04-06,2171314-10
João Derly,0.0,2022-04-07,945554-180
João Derly,0.0,2022-04-07,945554-186
Senado Federal - Jorginho Mello,0.5875564475664827,2022-04-12,2318553-48
Senado Federal - Jorginho Mello,0.5875564475664827,2022-04-12,2318553-51
Senado Federal - Jorginho Mello,0.5875564475664827,2022-04-12,2318553-54
Poder Executivo,0.4843065964235364,2022-04-18,2319794-7
Senado Federal - Ana Amélia,0.9919786096256684,2022-04-18,2242238-17
Senado Federal - Antonio Anastasia,0.5452586206896551,2022-04-27,2313396-56
Clarissa Garotinho,0.5104895104895105,2022-04-27,2249925-110
Clarissa Garotinho,0.5104895104895105,2022-04-27,2249925-113
Clarissa Garotinho,0.5104895104895105,2022-04-27,2249925-120
Ricardo Izar,0.7875894988066826,2022-05-04,2320527-8
Pastor Sargento Isidório,0.0,2022-05-04,2319532-14
Senado Federal - Fabiano Contarato,0.976545842217484,2022-05-04,2309349-122
Senado Federal - Fabiano Contarato,0.976545842217484,2022-05-04,2309349-146
Defensoria Pública da União,0.8473351400180669,2022-05-05,622070-128
Cezinha de Madureira,0.44919590643274854,2022-05-11,2319511-13
Poder Executivo,0.48559662090813094,2022-05-17,2320686-11
Poder Executivo,0.4865728765798162,2022-05-18,2258716-15
Lincoln Portela,0.6498599439775911,2022-05-18,534328-155
Lincoln Portela,0.6498599439775911,2022-05-18,534328-167
Lincoln Portela,0.4644995722840034,2022-05-19,534328-174
Lincoln Portela,0.4644995722840034,2022-05-19,534328-177
Lincoln Portela,0.4644995722840034,2022-05-19,534328-180
Lincoln Portela,0.4644995722840034,2022-05-19,534328-184
Lincoln Portela,0.4644995722840034,2022-05-19,534328-187
Lincoln Portela,0.4644995722840034,2022-05-19,534328-190
Lincoln Portela,0.4644995722840034,2022-05-19,534328-194
Lincoln Portela,0.4644995722840034,2022-05-19,534328-197
Lincoln Portela,0.4644995722840034,2022-05-19,534328-200
Lincoln Portela,0.4644995722840034,2022-05-19,534328-203
Dra. Soraya Manato,0.2523629489603025,2022-05-24,2322436-12
Alex Santana,0.0,2022-05-31,2297552-15
Senado Federal - Mecias de Jesus,0.0,2022-05-31,2325377-10
Poder Executivo,0.4873877457034603,2022-06-01,2309053-68
Poder Executivo,0.4873877457034603,2022-06-01,2309053-77
Poder Executivo,0.4873877457034603,2022-06-01,2309053-90
Poder Executivo,0.4873877457034603,2022-06-01,2309053-94
Poder Executivo,0.4873877457034603,2022-06-01,2309053-95
Poder Executivo,0.4873877457034603,2022-06-01,2309053-98
Poder Executivo,0.4873877457034603,2022-06-01,2309053-105
Poder Executivo,0.4873877457034603,2022-06-01,2309053-106
Poder Executivo,0.4873877457034603,2022-06-01,2309053-109
Poder Executivo,0.4873877457034603,2022-06-01,2309053-112
Poder Executivo,0.4873877457034603,2022-06-01,2309053-125
Senado Federal - Mecias de Jesus,1.0,2022-06-07,2283448-52
Senado Federal - Mecias de Jesus,1.0,2022-06-07,2283448-53
Henrique Fontana,0.0,2022-06-07,2303528-73
Guilherme Mussi,0.441527446300716,2022-06-14,2243079-117
Guilherme Mussi,0.441527446300716,2022-06-14,2243079-126
Guilherme Mussi,0.441527446300716,2022-06-14,2243079-131
Poder Executivo,0.4877590022128344,2022-06-28,2316624-66
Poder Executivo,0.4877590022128344,2022-06-28,2316624-73
Senado Federal - Veneziano Vital do Rêgo,0.0,2022-07-06,2208682-147
Senado Federal - Veneziano Vital do Rêgo,0.0,2022-07-06,2208682-151
Senado Federal - Veneziano Vital do Rêgo,0.0,2022-07-06,2208682-154
Senado Federal - Veneziano Vital do Rêgo,0.0,2022-07-06,2208682-162
Senado Federal - Veneziano Vital do Rêgo,0.0,2022-07-06,2208682-164
Senado Federal - Veneziano Vital do Rêgo,0.0,2022-07-06,2208682-167
Samuel Moreira,0.0,2022-07-14,2330598-8
Glaustin Fokus,0.0,2022-08-03,2325355-13
Junio Amaral,0.0,2022-08-03,2239098-68
Senado Federal - Ana Amélia,0.8689189189189189,2022-08-03,596844-116
Senado Federal - Jorge Bornhausen,0.6507692307692308,2022-08-04,105464-319
Senado Federal - Jorge Bornhausen,0.6507692307692308,2022-08-04,105464-326
Guilherme Mussi,0.23103932584269662,2022-08-30,2243079-156
Guilherme Mussi,0.23103932584269662,2022-08-30,2243079-161
Guilherme Mussi,0.23103932584269662,2022-08-30,2243079-162
Guilherme Mussi,0.23103932584269662,2022-08-30,2243079-167
Guilherme Mussi,0.23103932584269662,2022-08-30,2243079-168
Rubens Bueno,0.3942888522789676,2022-10-18,622828-9
Clarissa Garotinho,0.4529968454258675,2022-10-19,1301482-127
Vinicius Carvalho,0.8796498905908097,2022-11-09,2317622-39
Vinicius Carvalho,0.8796498905908097,2022-11-09,2317622-43
Clarissa Garotinho,0.438560411311054,2022-11-09,1301482-142
Senado Federal - Fabiano Contarato,0.6693313953488372,2022-11-22,2338971-8
Celso Russomanno,0.4994797086368366,2022-11-22,2336698-8
Aureo,0.46113989637305697,2022-11-29,1555470-319
Celso Russomanno,0.579064587973274,2022-12-06,2336484-34
Celso Russomanno,0.579064587973274,2022-12-06,2336484-47
Celso Russomanno,0.579064587973274,2022-12-06,2336484-50
Celso Russomanno,0.579064587973274,2022-12-06,2336484-53
Celso Russomanno,0.579064587973274,2022-12-06,2336484-56
Vinicius Carvalho,0.8761552680221811,2022-12-13,2341956-8
Clarissa Garotinho,0.5324786324786325,2022-12-13,2249925-153
Clarissa Garotinho,0.5324786324786325,2022-12-13,2249925-158
Zé Vitor,0.0,2022-12-13,2342213-7
Glaustin Fokus,0.5011135857461024,2022-12-13,2341582-8
Celina Leão,0.0,2022-12-13,2340532-29
Celina Leão,0.0,2022-12-13,2340532-46
Celina Leão,0.0,2022-12-13,2340532-52
Poder Executivo,0.4867369894515823,2022-12-14,26946-99
Poder Executivo,0.4867369894515823,2022-12-14,26946-116
Defensoria Pública da União,0.8725212464589235,2022-12-20,2344801-8
Defensoria Pública da União,0.8725212464589235,2022-12-20,2344800-7
Tribunal de Contas da União,0.9846625766871165,2022-12-20,2344795-8
MINISTÉRIO PÚBLICO DA UNIÃO,0.5051124744376279,2022-12-20,2344803-8
MINISTÉRIO PÚBLICO DA UNIÃO,0.5051124744376279,2022-12-20,2344802-8
Mesa Diretora da Câmara dos Deputados,0.9905362776025236,2022-12-20,2344792-8
Senado Federal,0.0,2022-12-20,2344804-8
Supremo Tribunal Federal,0.9561527581329562,2022-12-20,2344796-8
Supremo Tribunal Federal,0.9166666666666666,2022-12-21,2344799-8
TRIBUNAL SUPERIOR DO TRABALHO,0.0,2023-03-14,2351332-7
PGR - Procuradoria Geral da República,0.0,2023-03-14,2345140-8
Senado Federal - Simone Tebet,0.0,2023-03-15,2350706-6
Rubens Pereira Júnior,0.0,2023-03-22,2301683-33
Bibo Nunes,0.0,2023-04-11,2326749-8
Jorge Solla,0.0,2023-04-11,2352500-11
Senado Federal - Alessandro Vieira,0.0,2023-04-25,2310837-8
Poder Executivo,0.48738303382716297,2023-05-04,2351179-51
Supremo Tribunal Federal,0.869140625,2023-05-09,2357639-9
Tribunal de Justiça do Distrito Federal e dos Territórios,0.5595092024539877,2023-05-09,2358527-8
Lafayette de Andrada,0.0,2023-05-10,2354502-8
Supremo Tribunal Federal,0.8697674418604651,2023-05-10,2334279-38
Supremo Tribunal Federal,0.8697674418604651,2023-05-10,2334279-57
Tribunal de Justiça do Distrito Federal e dos Territórios,0.6584564860426929,2023-05-10,2357055-29
André Figueiredo,0.736986301369863,2023-05-16,2359287-7
Erika Kokay,0.0,2023-05-16,2362137-8
André Figueiredo,0.6987951807228916,2023-05-17,2115253-104
André Figueiredo,0.6987951807228916,2023-05-17,2115253-111
André Figueiredo,0.6987951807228916,2023-05-17,2115253-116
André Figueiredo,0.6987951807228916,2023-05-17,2115253-118
Homero Pereira,0.0,2023-05-24,2362190-9
Homero Pereira,0.7089715536105032,2023-05-30,345311-248
Homero Pereira,0.7089715536105032,2023-05-30,345311-257
Homero Pereira,0.7089715536105032,2023-05-30,345311-270
Homero Pereira,0.7089715536105032,2023-05-30,345311-276
Homero Pereira,0.7089715536105032,2023-05-30,345311-279
Poder Executivo,0.4888374760238081,2023-06-13,2358922-21
Dani Cunha,0.0,2023-06-14,2367595-12
Dani Cunha,0.0,2023-06-14,2364109-35
Fernando Rodolfo,0.0,2023-06-20,2369594-8
Poder Executivo,0.49028011784063924,2023-07-07,2360503-27
Poder Executivo,0.49028011784063924,2023-07-07,2360503-35
Poder Executivo,0.49028011784063924,2023-07-07,2360503-45
Poder Executivo,0.49028011784063924,2023-07-07,2360503-74
Poder Executivo,0.49028011784063924,2023-07-07,2367064-66
Poder Executivo,0.49028011784063924,2023-07-07,2367064-68
Poder Executivo,0.49028011784063924,2023-07-07,2367064-82
Rogéria Santos,0.0,2023-08-01,2355627-8
Evandro Rogerio Roman,0.0,2023-08-08,2375501-8
Professora Dorinha Seabra Rezende,0.6285853184248906,2023-08-08,2372983-7
Rogério Correia,0.0,2023-08-08,2375497-8
Erika Hilton,0.0,2023-08-09,2375543-9
Evandro Rogerio Roman,0.9105263157894737,2023-08-09,1197773-90
Evandro Rogerio Roman,0.9105263157894737,2023-08-09,1197773-99
Paulo Teixeira,0.0,2023-08-16,2362947-9
Ricardo Ayres,0.0,2023-08-29,2377273-8
Senado Federal - Irajá,0.0,2023-08-29,2320643-8
Igor Timo,0.0,2023-08-29,2331282-8
Carmen Zanotto,0.0,2023-08-29,2377516-12
Maria Rosas,0.0,2023-08-29,2377518-12
Renata Abreu,0.5779036827195467,2023-08-29,2377566-12
Zé Haroldo Cathedral,0.0,2023-08-29,2377675-8
Professora Dorinha Seabra Rezende,0.6472757066775912,2023-08-29,2379582-7
Rodrigo Gambale,0.0,2023-08-29,2380451-7
Bruno Ganem,0.0,2023-08-29,2382599-8
Marcos Pollon,0.0,2023-08-29,2382611-10
Ricardo Ayres,0.9605911330049262,2023-08-30,2350586-63
Ricardo Ayres,0.9605911330049262,2023-08-30,2350586-73
Elmar Nascimento,0.2588522588522589,2023-09-04,2336833-9
Elmar Nascimento,0.4774624373956594,2023-09-05,2336393-56
Elmar Nascimento,0.4774624373956594,2023-09-05,2336393-59
Elmar Nascimento,0.4774624373956594,2023-09-05,2336393-61
Elmar Nascimento,0.4774624373956594,2023-09-05,2336393-64
Elmar Nascimento,0.4774624373956594,2023-09-05,2336393-67
Alexandre Guimarães,0.0,2023-09-13,2387264-8
Poder Executivo,0.48856841701801457,2023-09-13,2374400-46
Poder Executivo,0.48856841701801457,2023-09-13,2374400-53
Poder Executivo,0.48856841701801457,2023-09-13,2374400-58
Alexandre Guimarães,0.0,2023-09-13,2387066-44
Alexandre Guimarães,0.0,2023-09-13,2387066-55
Alexandre Guimarães,0.0,2023-09-13,2387066-63
Alexandre Guimarães,0.488545246277205,2023-09-14,2387066-70
Alexandre Guimarães,0.488545246277205,2023-09-14,2387066-78
Alexandre Guimarães,0.488545246277205,2023-09-14,2387066-80
Alexandre Guimarães,0.488545246277205,2023-09-14,2387066-84
Alexandre Guimarães,0.488545246277205,2023-09-14,2387066-89
Alexandre Guimarães,0.488545246277205,2023-09-14,2387066-91
Alexandre Guimarães,0.488545246277205,2023-09-14,2387066-94
Alexandre Guimarães,0.488545246277205,2023-09-14,2387066-100
Alexandre Guimarães,0.488545246277205,2023-09-14,2387066-101
Luis Tibé,0.0,2023-09-20,2282142-9
Poder Executivo,0.48750331351535575,2023-10-03,2309053-157
Poder Executivo,0.48750331351535575,2023-10-03,2309053-167
Poder Executivo,0.48750331351535575,2023-10-03,2309053-173
Poder Executivo,0.48750331351535575,2023-10-03,2309053-174
Poder Executivo,0.48750331351535575,2023-10-03,2309053-176
Poder Executivo,0.48750331351535575,2023-10-03,2309053-179
Marcelo Calero,0.508716323296355,2023-10-03,2224999-67
Marcelo Calero,0.508716323296355,2023-10-03,2224999-77
Marcelo Calero,0.508716323296355,2023-10-03,2224999-88
Marcelo Calero,0.508716323296355,2023-10-03,2224999-96
Marcelo Calero,0.508716323296355,2023-10-03,2224999-104
Marcelo Calero,0.508716323296355,2023-10-03,2224999-107
Poder Executivo,0.48249478321354045,2023-10-04,2387035-44
Poder Executivo,0.48249478321354045,2023-10-04,2387035-55
Erika Hilton,0.7142857142857143,2023-10-04,2358915-39
Erika Hilton,0.7142857142857143,2023-10-04,2358915-53
Erika Hilton,0.7142857142857143,2023-10-04,2358915-67
Poder Executivo,0.4795870440124145,2023-10-25,2383287-23
Poder Executivo,0.4795870440124145,2023-10-25,2383287-30
Poder Executivo,0.4795870440124145,2023-10-25,2383287-41
Poder Executivo,0.4795870440124145,2023-10-25,2383287-43
Poder Executivo,0.4795870440124145,2023-10-25,2383287-47
Poder Executivo,0.4795870440124145,2023-10-25,2383287-50
Poder Executivo,0.4795870440124145,2023-10-25,2383287-53
Poder Executivo,0.4795870440124145,2023-10-25,2383287-61
Senado Federal - Magareth Buzetti,0.0,2023-10-30,2400118-7
Senado Federal - Rose de Freitas,0.0,2023-10-30,2400115-8
Professora Dorinha Seabra Rezende,0.700724887814981,2023-10-31,503670-99
Marcos Pollon,0.7624434389140271,2023-10-31,2376169-40
Marcos Pollon,0.7624434389140271,2023-10-31,2376169-46
Marcos Pollon,0.7624434389140271,2023-10-31,2376169-55
Marcos Pollon,0.7624434389140271,2023-10-31,2376169-62
Flávia Morais,0.0,2023-11-06,2345281-63
Júlio Cesar,0.0,2023-11-07,2390639-8
Senado Federal - Otto Alencar,0.0,2023-11-07,2399396-7
Poder Executivo,0.475505738400393,2023-11-07,2397925-16
Poder Executivo,0.475505738400393,2023-11-07,2397925-25
Senado Federal - Confúcio Moura,0.0,2023-11-07,2344909-65
André Figueiredo,0.567255679769203,2023-11-08,2115253-156
André Figueiredo,0.567255679769203,2023-11-08,2115253-167
André Figueiredo,0.567255679769203,2023-11-08,2115253-172
André Figueiredo,0.567255679769203,2023-11-08,2115253-175
André Figueiredo,0.567255679769203,2023-11-08,2115253-179
André Figueiredo,0.567255679769203,2023-11-08,2115253-183
Senado Federal - Otto Alencar,0.8956521739130435,2023-11-08,2391935-43
Túlio Gadêlha,0.0,2023-11-08,2393997-9
Senado Federal - Randolfe Rodrigues,0.45269210663878723,2023-11-21,2404958-8
Augusto Coutinho,0.9415807560137457,2023-11-21,2194442-74
Senado Federal - Gim Argelo,0.0,2023-11-21,575585-69
Senado Federal - Gim Argelo,0.0,2023-11-21,575585-92
Senado Federal - Gim Argelo,0.0,2023-11-21,575585-99
Júlio Cesar,0.8906752411575563,2023-11-22,2312373-128
Júlio Cesar,0.8906752411575563,2023-11-22,2312373-140
Eunício Oliveira,0.0,2023-11-22,2355510-35
Eunício Oliveira,0.0,2023-11-22,2355510-53
Guilherme Boulos,0.0,2023-11-22,2381043-35
Guilherme Boulos,0.0,2023-11-22,2381043-45
Guilherme Boulos,0.0,2023-11-22,2381043-60
Guilherme Boulos,0.3150087260034904,2023-11-23,2381043-63
Guilherme Boulos,0.3150087260034904,2023-11-23,2381043-66
Senado Federal - Fernando Collor,0.0,2023-11-29,2190084-79
Senado Federal - Fernando Collor,0.0,2023-11-29,2190084-88
Senado Federal - Fernando Collor,0.0,2023-11-29,2190084-93
Senado Federal - Ana Amélia,0.8288444830582102,2023-11-29,2125189-161
Senado Federal - Ana Amélia,0.8288444830582102,2023-11-29,2125189-174
Senado Federal - Ana Amélia,0.8288444830582102,2023-11-29,2125189-176
Senado Federal - Ana Amélia,0.8288444830582102,2023-11-29,2125189-180
Senado Federal - Ana Amélia,0.8288444830582102,2023-11-29,2125189-191
Senado Federal - Randolfe Rodrigues,0.5008568980291346,2023-11-29,2299903-53
Senado Federal - Tereza Cristina,0.0,2023-11-29,2407960-8
Otto Alencar Filho,0.0,2023-11-30,2333929-40
Nilda Gondim,0.0,2023-12-05,2218538-8
Senado Federal - Mecias de Jesus,0.9989888776541962,2023-12-05,2362567-18
Silvia Waiãpi,0.0,2023-12-05,2406964-10
Pedro Augusto Bezerra,0.0,2023-12-05,2231632-97
Pedro Augusto Bezerra,0.0,2023-12-05,2231632-102
Tribunal de Contas da União,0.9174690508940853,2023-12-06,2408125-7
Senado Federal - Carlos Portinho,0.4946695095948827,2023-12-07,2409114-8
Tribunal de Contas da União,0.8547486033519553,2023-12-13,2410669-8
Poder Executivo,0.47637463521940054,2023-12-13,2412712-8
Pedro Uczai,0.0,2023-12-19,2407521-8
Áurea Carolina,0.0,2023-12-19,2400068-20
Áurea Carolina,0.0,2023-12-19,2400068-23
Thiago Flores,0.0,2023-12-19,2395883-53
Thiago Flores,0.0,2023-12-19,2395883-58
Duarte,0.0,2023-12-21,2413230-8
Amom Mandel,0.0,2023-12-21,2410517-10
Jaime Martins,0.0,2023-12-21,1548579-109
Jaime Martins,0.0,2023-12-21,1548579-114
Jaime Martins,0.0,2023-12-21,1548579-122
Jaime Martins,0.0,2023-12-21,1548579-126
Jaime Martins,0.0,2023-12-21,1548579-144
Poder Executivo,0.47756486708542045,2023-12-21,2414600-8
Poder Executivo,0.47756486708542045,2023-12-21,2374400-101
Poder Executivo,0.47756486708542045,2023-12-21,2374400-106
Poder Executivo,0.47756486708542045,2023-12-21,2374400-110
Poder Executivo,0.4778447915214057,2023-12-22,2374400-121
Senado Federal - Reguffe,0.9707317073170731,2024-02-20,2367548-7
Paulo Abi-Ackel,0.6148340923877684,2024-02-21,2411815-7
"Comissão Parlamentar de Inquérito destinada a investigar indícios de operações fraudulentas sofisticadas na gestão de diversas empresas de serviços financeiros que prometem gerar patrimônio por meio de gestão de criptomoedas, com divulgação de informações falsas sobre projetos ou serviços e promessa de rentabilidade anormalmente alta ou garantida e inexistência de taxas, mas constituindo-se em sistema de remuneração alimentado pela entrada de novos participantes (o que tem trazido prejuízos vultosos aos investidores e a toda a sociedade, entre os anos de 2019 e 2022)",0.0,2024-02-27,2403068-11
Pastor Henrique Vieira,0.0,2024-02-27,2379378-9
João Carlos Bacelar,0.0,2024-02-27,2415411-9
Domingos Neto,0.0,2024-02-27,2418084-8
Paulo Abi-Ackel,0.6576242147344374,2024-02-28,2323391-73
Senado Federal - Eduardo Braga,0.0,2024-02-28,2167882-83
Jorge Goetten,0.0,2024-02-28,2408107-9
Jorge Goetten,0.0,2024-02-28,2408105-8
José Guimarães,0.0,2024-03-12,2420014-8
José Guimarães,0.0,2024-03-12,2417025-29
José Guimarães,0.0,2024-03-12,2420577-7
José Guimarães,0.0,2024-03-12,2417025-45
José Guimarães,0.0,2024-03-12,2417025-50
José Guimarães,0.0,2024-03-12,2417025-55
Senado Federal - Cidinho Santos,0.0,2024-03-13,2407112-7
Jerônimo Goergen,0.782991202346041,2024-03-13,2238434-80
Jerônimo Goergen,0.782991202346041,2024-03-13,2238434-85
Jerônimo Goergen,0.782991202346041,2024-03-13,2238434-87
Jerônimo Goergen,0.782991202346041,2024-03-13,2238434-89
Jerônimo Goergen,0.782991202346041,2024-03-13,2238434-94
Jerônimo Goergen,0.782991202346041,2024-03-13,2238434-99
Jerônimo Goergen,0.782991202346041,2024-03-13,2238434-100
Jerônimo Goergen,0.782991202346041,2024-03-13,2238434-104
Max Lemos,0.0,2024-03-19,2421056-8
Poder Executivo,0.4773944829861684,2024-03-19,2416729-28
Poder Executivo,0.4773944829861684,2024-03-19,2416804-43
Poder Executivo,0.4773944829861684,2024-03-19,2416804-48
Poder Executivo,0.4773944829861684,2024-03-19,2416804-51
Poder Executivo,0.4773944829861684,2024-03-19,2416804-54
Christino Aureo,0.0,2024-03-19,2269745-70
Christino Aureo,0.12408759124087591,2024-03-20,2269745-79
Christino Aureo,0.12408759124087591,2024-03-20,2269745-81
Christino Aureo,0.12408759124087591,2024-03-20,2269745-84
Christino Aureo,0.12408759124087591,2024-03-20,2269745-86
Christino Aureo,0.12408759124087591,2024-03-20,2269745-88
Poder Executivo,0.481369930803819,2024-03-20,2399598-70
Christino Aureo,0.12408759124087591,2024-03-20,2269745-90
Christino Aureo,0.12408759124087591,2024-03-20,2269745-93
Iza Arruda,0.0,2024-03-26,2420733-7
Jorge Goetten,0.858682634730539,2024-03-26,2421251-7
Poder Executivo,0.48239475541421856,2024-03-26,2416826-49
Odair Cunha,0.0,2024-04-09,2424952-9
Odair Cunha,0.0,2024-04-09,2424953-8
José Guimarães,0.36012992285830286,2024-04-09,2419197-28
José Guimarães,0.36012992285830286,2024-04-09,2419197-39
José Guimarães,0.36012992285830286,2024-04-09,2419197-54
Tenente Coronel Zucco,0.0,2024-04-16,2401881-9
Dra. Soraya Manato,0.359775641025641,2024-04-16,2408682-8
Senado Federal - Paulo Paim,0.6831858407079646,2024-04-16,2408948-7
Senado Federal - Cidinho Santos,0.9492957746478873,2024-04-16,2326582-61
Célia Xakriabá,0.0,2024-04-24,2427395-8
Cristiane Lopes,0.0,2024-04-24,2419525-7
Poder Executivo,0.4839464117751735,2024-05-07,2431123-8
Senado Federal - Alvaro Dias,0.8176470588235294,2024-05-07,2431153-7
Senado Federal - Alvaro Dias,0.7768959435626103,2024-05-08,2324721-94
Poder Executivo,0.48485846229178803,2024-05-14,2416733-28
Poder Executivo,0.48485846229178803,2024-05-14,2416733-37
Poder Executivo,0.48485846229178803,2024-05-14,2416733-42
Poder Executivo,0.48485846229178803,2024-05-14,2416733-46
Geraldo Resende,0.0,2024-05-15,2433398-9
Zucco,0.0,2024-05-21,2431748-8
Beto Faro,0.0,2024-05-21,2319364-20
Poder Executivo,0.4849448491155047,2024-05-21,2425883-50
Delegada Adriana Accorsi,0.0,2024-05-21,2434244-8
Marcos Pollon,0.48335183129855713,2024-05-21,2349493-69
Marcos Pollon,0.48335183129855713,2024-05-21,2349493-73
Marcos Pollon,0.48335183129855713,2024-05-21,2349493-80
Marcos Pollon,0.48335183129855713,2024-05-21,2349493-82
Marcos Pollon,0.48335183129855713,2024-05-21,2349493-86
Marcos Pollon,0.48335183129855713,2024-05-21,2349493-89
Marcos Pollon,0.48335183129855713,2024-05-21,2349493-92
Marcos Pollon,0.48335183129855713,2024-05-21,2349493-95
Marcos Pollon,0.5682629107981221,2024-05-22,2349493-100
Marcos Pollon,0.5682629107981221,2024-05-22,2349493-103
Marcos Pollon,0.5682629107981221,2024-05-22,2349493-118
Poder Executivo,0.48478437619260956,2024-05-28,2422697-66
Poder Executivo,0.48478437619260956,2024-05-28,2422697-69
Poder Executivo,0.48478437619260956,2024-05-28,2422697-72
Poder Executivo,0.48478437619260956,2024-05-28,2422697-75
Poder Executivo,0.48478437619260956,2024-05-28,2422697-83
Poder Executivo,0.4868195403988436,2024-06-11,2422697-129
Capitão Alberto Neto,0.0,2024-06-19,2236291-85
José Guimarães,0.3358294930875576,2024-06-19,2441271-7
Poder Executivo,0.48829978593695317,2024-07-09,2447901-6
Poder Executivo,0.48829978593695317,2024-07-09,2399598-108
Poder Executivo,0.48829978593695317,2024-07-09,2399598-112
Senado Federal - Confúcio Moura,0.7422434367541766,2024-07-11,2447273-8
Senado Federal - Confúcio Moura,0.7422434367541766,2024-07-11,2447183-40
Senado Federal - Confúcio Moura,0.7422434367541766,2024-07-11,2447183-64
Senado Federal - Mecias de Jesus,0.9645892351274787,2024-08-14,2452555-8
Senado Federal - Mecias de Jesus,0.9645892351274787,2024-08-14,2448974-35
Senado Federal - Mecias de Jesus,0.9645892351274787,2024-08-14,2448974-40
Senado Federal - Mecias de Jesus,0.9645892351274787,2024-08-14,2448974-43
Senado Federal - Mecias de Jesus,0.9645892351274787,2024-08-14,2448974-50
Senado Federal - Mecias de Jesus,0.9645892351274787,2024-08-14,2448974-56
Odair Cunha,0.694074969770254,2024-08-15,2444417-7
José Guimarães,0.37114197530864196,2024-08-28,2452211-7
Fernando Monteiro,0.9548872180451128,2024-08-28,2454155-9
Carlos Eduardo Cadoca,0.3809389538982095,2024-08-28,1672576-221
Senado Federal - Efraim Filho,0.0,2024-09-09,2455033-10
Dr. Leonardo,0.0,2024-09-09,2204088-80
Dr. Leonardo,0.0,2024-09-09,2204088-85
Dr. Leonardo,0.0,2024-09-09,2204088-88
Zé Vitor,0.9183673469387755,2024-09-10,2325845-23
Poder Executivo,0.48874820792860707,2024-09-10,2457424-6
Felipe Carreras,0.0,2024-09-11,2457520-7
Jerônimo Goergen,0.5107142857142857,2024-09-11,2238434-146
Jerônimo Goergen,0.5107142857142857,2024-09-11,2238434-150
Iza Arruda,0.9830508474576272,2024-09-11,2408709-73
Iza Arruda,0.9830508474576272,2024-09-11,2408709-77
Senado Federal - Margareth Buzetti,0.0,2024-09-11,2410466-47
Senado Federal - Margareth Buzetti,0.0,2024-09-11,2410466-50
Efraim Filho,0.6565934065934066,2024-09-11,2418020-7
Senado Federal - Efraim Filho,0.6704805491990846,2024-09-11,2454704-36
Senado Federal - Efraim Filho,0.6704805491990846,2024-09-11,2454704-40
Senado Federal - Efraim Filho,0.6704805491990846,2024-09-11,2454704-50
Senado Federal - Efraim Filho,0.6704805491990846,2024-09-11,2454704-53
Senado Federal - Efraim Filho,0.36808846761453395,2024-09-12,2454704-55
Senado Federal - Efraim Filho,0.36808846761453395,2024-09-12,2454704-58
Senado Federal - Efraim Filho,0.36808846761453395,2024-09-12,2454704-64
Senado Federal - Efraim Filho,0.36808846761453395,2024-09-12,2454704-67
Senado Federal - Efraim Filho,0.36808846761453395,2024-09-12,2454704-70
Senado Federal - Efraim Filho,0.36808846761453395,2024-09-12,2454704-76
José Guimarães,0.4170737380786229,2024-09-18,2452037-70
José Eduardo Cardozo,0.0,2024-10-15,2451405-8
Senado Federal - Kátia Abreu,0.0,2024-10-16,565397-185
Senado Federal - Wellington Fagundes,0.995575221238938,2024-10-16,2244008-82
Doutor Luizinho,0.0,2024-10-17,2432865-33
José Guimarães,0.38363982244768546,2024-10-30,2456554-50
José Guimarães,0.38363982244768546,2024-10-30,2456554-54
José Guimarães,0.38363982244768546,2024-10-30,2456554-57
Vinicius Carvalho,0.8482142857142857,2024-11-12,2418838-7
Senado Federal - Comissão de Meio Ambiente,0.0,2024-11-12,2431821-7
Fátima Bezerra,0.0,2024-11-13,2324243-8
Senado Federal - Paulo Paim,0.7390882638215325,2024-11-13,2462049-9
Senado Federal - Esperidião Amin,0.0,2024-11-13,2467823-9
Poder Executivo,0.48972336139579303,2024-11-13,2469074-8
Jaime Martins,0.3852791878172589,2024-11-19,1548579-186
Jaime Martins,0.3852791878172589,2024-11-19,1548579-194
Senado Federal - Esperidião Amin,0.7511627906976744,2024-11-19,2467306-30
Senado Federal - Esperidião Amin,0.7511627906976744,2024-11-19,2467306-39
Senado Federal - Paulo Paim,0.7247780468119451,2024-11-19,2439779-42
Senado Federal - Paulo Paim,0.7247780468119451,2024-11-19,2439779-46
Senado Federal - Paulo Paim,0.7247780468119451,2024-11-19,2439779-55
Rodolfo Nogueira,0.0,2024-11-26,2388491-7
Dorinaldo Malafaia,0.0,2024-11-26,2469306-8
Amanda Gentil,0.0,2024-11-26,2470275-8
Filipe Pereira,0.0,2024-11-27,480184-129
Fátima Bezerra,0.6986666666666667,2024-11-27,559138-237
Fátima Bezerra,0.6986666666666667,2024-11-27,559138-241
Poder Executivo,0.49029269892567734,2024-11-27,2461207-33
Poder Executivo,0.49029269892567734,2024-11-27,2461207-38
Evandro Rogerio Roman,0.6945169712793734,2024-12-04,1197773-140
Ana Paula Lima,0.0,2024-12-04,2475016-8
Poder Executivo,0.49048819072906646,2024-12-10,2476749-7
Aluisio Mendes,0.5850165258905619,2024-12-12,2258828-105
Max Lemos,0.7823834196891192,2024-12-12,2479094-8
Laura Carneiro,0.0,2024-12-12,2479551-7
Delegado Waldir,0.0,2024-12-12,2194861-62
Delegado Waldir,0.0,2024-12-12,2194861-66
Delegado Waldir,0.0,2024-12-12,2194861-73
Delegado Waldir,0.0,2024-12-12,2194861-77
Delegado Waldir,0.0,2024-12-12,2194861-79
Delegado Waldir,0.0,2024-12-12,2194861-82
Delegado Waldir,0.0,2024-12-12,2194861-85
Delegado Waldir,0.0,2024-12-12,2194861-91
Delegado Waldir,0.0,2024-12-12,2194861-94
Alfredo Gaspar,0.0,2024-12-12,2465140-45
Túlio Gadêlha,0.5911330049261084,2024-12-16,2480330-8
José Guimarães,0.39368882888963885,2024-12-17,2461217-7
José Guimarães,0.4099586382437162,2024-12-18,2480642-7
Christino Aureo,0.6214896214896215,2024-12-18,2269745-144
Ana Paula Lima,0.5804347826086956,2024-12-19,2473375-53
Ana Paula Lima,0.5804347826086956,2024-12-19,2473375-59
Ana Paula Lima,0.5804347826086956,2024-12-19,2473375-78
José Guimarães,0.42778521493380933,2024-12-19,2460010-35
José Guimarães,0.42778521493380933,2024-12-19,2460010-43
