idVotacao,Cluster
101666-71,1
104342-141,1
104342-99,3
104485-117,2
104509-28,2
104731-67,2
1049075-6,1
1049167-8,1
104964-30,2
1050558-63,1
105060-40,2
1050643-102,1
1050643-110,3
1050643-113,1
1050643-117,3
1050643-121,3
1050643-125,1
1050643-91,1
1050643-96,3
1050643-99,3
1050788-27,1
1050795-6,3
1050835-5,1
1050836-6,1
1050840-6,1
1050845-6,1
1050847-25,3
1050852-8,3
105464-262,2
105464-319,3
105464-326,3
105467-26,2
105832-133,2
106071-101,1
106071-138,1
1063052-105,1
1063052-76,1
108139-30,2
109150-238,0
109175-70,1
109738-37,2
1116134-78,2
112893-218,1
112893-225,1
113267-46,2
113716-111,1
113716-26,2
113716-267,1
113717-114,3
113717-142,3
113717-152,1
113717-171,3
113717-181,1
113717-184,1
113717-189,1
113717-194,3
113717-197,3
113717-200,3
113717-202,3
113717-204,3
113717-230,1
113717-250,3
113717-295,3
113717-44,2
113717-59,4
113717-95,3
114145-58,1
114483-107,2
1150196-33,1
1150196-36,3
1150196-42,3
1150196-47,3
1150196-50,3
1150196-53,3
1150196-59,3
115155-58,1
115441-5,2
115464-2,2
117116-2,2
117121-2,2
117637-2,2
117975-129,1
117975-134,1
117975-155,3
117975-161,1
117975-164,3
117975-180,3
117975-214,3
117975-94,2
118737-2,2
118739-2,2
1194736-11,3
1197773-140,3
1197773-90,1
1197773-99,3
1198512-250,1
1198512-254,3
1198512-257,1
1198512-272,1
1198512-279,1
120186-63,1
120186-68,1
1203158-43,0
1203158-81,1
1203407-4,5
120558-2,2
120645-4,2
1212491-84,2
121430-3,2
1214970-100,3
1214970-60,3
1215346-62,1
1215346-65,3
1215821-38,2
122642-122,2
1228455-65,1
1228455-75,1
1228940-8,1
1229817-63,2
123727-2,2
123975-2,2
125572-116,1
125572-186,1
125572-187,1
125878-41,2
126541-150,3
126541-68,4
126541-98,1
1280621-30,1
128921-2,2
129219-194,1
1301025-111,2
1301128-43,1
1301141-69,2
1301241-77,2
1301437-10,3
1301482-127,3
1301482-142,1
1306652-23,2
1306690-9,3
131591-278,1
131591-284,1
131896-81,2
133652-24,2
134230-3,2
134744-61,2
137513-2,2
138348-2,2
139687-24,2
140174-133,3
140174-83,0
140375-132,1
140375-143,1
140406-31,0
14245-45,2
142458-51,1
142458-64,1
14271-84,1
14312-64,3
14312-65,1
14312-81,1
143282-5,1
14493-226,2
14493-234,2
14493-401,2
14493-442,1
14493-473,3
14493-492,1
14493-500,3
14493-503,1
14493-535,3
14493-536,1
145211-10,4
14541-69,1
145482-25,2
14562-151,2
14562-333,2
14614-68,1
14614-90,1
146214-64,2
14641-68,1
14665-44,1
14666-138,2
14692-79,1
14720-100,1
14720-74,1
14809-111,1
14809-120,1
14809-130,3
14809-139,1
148200-112,1
148200-119,1
14832-101,1
149047-16,2
149095-73,0
150357-107,0
150357-52,0
150357-60,4
150357-80,0
150358-37,2
150359-100,0
150373-73,4
150373-84,0
150399-106,1
150399-149,3
150399-186,1
150399-189,1
150399-195,1
150410-48,1
150410-67,1
1504953-45,3
1504953-55,3
150629-195,0
150629-204,0
150930-5,4
151030-5,4
1514014-82,1
1514136-40,1
1515648-51,4
1515648-58,0
1515648-62,3
1515648-69,3
1515648-96,1
1515649-40,3
1526944-106,1
1526944-127,1
1526944-129,3
1531540-52,2
15318-140,0
153275-100,3
153730-20,0
153730-36,4
153730-70,0
15406-134,2
154096-7,4
154465-44,0
154528-107,0
154528-119,4
154528-49,0
154528-68,4
154538-23,0
154538-56,1
154539-48,0
15460-156,3
15460-165,3
15460-170,3
15460-173,1
15460-176,3
15460-179,1
15460-184,3
15460-200,3
15460-201,1
15471-155,3
1548579-109,0
1548579-114,0
1548579-122,0
1548579-126,1
1548579-144,1
1548579-186,3
1548579-194,1
1549125-71,2
155107-23,2
1554118-8,1
15543-53,2
1555327-87,2
1555340-63,1
1555340-67,1
1555470-234,3
1555470-319,3
1555497-56,2
1555497-62,2
155745-41,2
1570646-104,2
1570646-109,2
1570705-17,1
1570898-35,1
1570899-40,1
1579302-7,1
1579307-2,2
158197-54,0
158197-71,0
158646-28,2
158772-2,2
158782-29,2
158967-2,2
158974-2,2
158987-2,2
158992-2,2
159140-2,2
159151-2,2
159356-2,2
1594437-112,1
1594437-36,1
1594437-46,3
1594437-53,3
1594437-66,3
1594768-93,2
1594899-75,1
1594910-125,1
1594917-39,1
159554-31,3
16299-119,2
1634092-2,2
1635730-28,2
16526-441,2
16526-506,0
16526-556,1
16526-572,3
16526-580,3
16526-582,1
16526-596,1
16713-178,1
16713-190,1
1671673-41,1
1671673-50,3
1671859-8,1
1672013-8,1
1672065-33,0
1672065-44,4
1672065-49,1
1672065-56,1
1672065-70,3
1672065-73,3
1672576-101,0
1672576-109,4
1672576-120,0
1672576-124,3
1672576-128,0
1672576-133,0
1672576-136,4
1672576-141,1
1672576-147,3
1672576-150,3
1672576-153,3
1672576-171,3
1672576-177,3
1672576-193,1
1672576-221,3
1672576-97,0
1673126-82,1
1692929-2,2
1692929-3,2
1693073-2,2
1699254-58,2
1700884-110,4
1700884-45,0
1700884-49,0
1700884-63,0
1700884-69,0
1701050-124,1
1701050-129,3
1701050-140,1
1701050-59,2
1701755-60,1
1712771-52,1
1712931-27,1
1713431-105,2
1713431-120,2
1713431-125,2
1713431-127,2
1715687-106,3
1715687-142,4
1715687-149,1
1715687-69,3
1715687-78,3
1715687-84,1
1715687-98,0
1724716-40,2
17338-178,2
17338-302,1
17338-321,1
17338-382,3
17338-414,3
1734344-6,1
1734739-110,1
1738608-24,2
1738686-32,0
1738686-57,3
1738686-63,3
1738740-118,2
1738740-144,2
1738740-150,2
1738814-86,1
1738814-89,3
1738814-91,3
1738814-99,1
1744988-6,1
1786206-8,1
1805641-58,1
1806248-46,3
1806249-55,3
1806249-68,1
1806553-38,0
1806553-52,0
1806553-70,1
1806553-78,1
1806553-81,1
1806554-39,0
1806554-87,3
18156-127,3
18156-148,1
18156-152,1
18156-154,3
18156-156,3
18180-101,3
18216-226,1
18333-47,2
18454-92,3
18467-129,3
18545-33,2
18774-277,2
19319-71,1
19319-83,3
19319-87,1
19740-49,2
2017205-5,2
2017337-38,3
2018368-36,1
2024315-53,0
2024319-54,2
2024319-69,2
2024319-77,2
2024523-3,2
2024766-31,0
2024766-53,0
2024766-72,3
2025146-115,1
2026012-2,2
20336-101,2
2052482-2,2
2053521-3,2
2053523-4,2
2054465-88,1
2057823-152,2
2058404-34,5
2058404-42,3
2074886-30,2
2075448-116,3
2075925-53,4
2076237-48,3
2076245-42,0
2076245-54,0
2076245-63,4
2076245-83,0
2076264-43,1
2076754-115,2
2076754-124,2
2076811-15,1
2076875-108,2
2077084-30,0
2077084-47,0
2077084-59,0
2077499-15,1
2077621-131,2
2077691-20,1
2077743-67,2
2077743-69,2
2077978-49,1
2078000-2,2
2078295-167,0
2078295-173,0
2078295-180,0
2078295-211,0
2078295-221,3
2078295-224,0
2078295-253,3
2078488-8,4
2078502-37,3
2078502-43,0
2078502-56,4
2078502-67,0
2078503-38,0
2078503-90,1
2078693-63,2
2078693-87,1
2079324-4,2
20794-110,0
20794-121,0
20794-132,0
20794-133,1
20794-92,0
2079477-63,2
2079477-74,2
2079477-80,2
2079700-179,2
2079700-191,2
2079700-200,2
2079700-204,2
2079730-5,1
2079961-38,0
2080237-101,3
2080237-111,0
2080237-117,0
2080237-124,0
2080237-129,1
2080237-142,0
2080237-144,3
2080237-177,0
2080237-180,4
2080237-186,0
2080237-189,4
2080237-192,3
2080237-226,3
2080237-233,0
2080237-260,1
2080237-266,3
2080373-109,1
2080373-138,3
2080373-140,3
2080373-143,1
2080373-153,1
2080373-156,1
2080470-78,1
2080470-86,1
2080604-314,2
2080604-354,1
2080604-358,1
2080604-364,1
2080604-367,3
2080604-371,3
2080604-374,3
2080604-377,3
2080604-380,1
2080604-384,3
2080604-387,3
2080604-390,3
2080604-393,3
2080604-396,1
2080604-399,3
2080604-402,3
2080919-76,1
2080919-87,1
2080937-6,1
2080942-8,4
2081484-6,1
2081629-27,1
2081630-28,1
2081631-28,1
2081729-12,1
2081730-12,1
2081879-12,1
2082293-61,1
2082483-103,1
2082483-112,1
2082511-75,1
2082670-7,1
2083149-6,1
2083179-12,1
2083180-12,1
2083181-12,1
2083183-7,1
2083333-29,2
2083376-47,0
2083376-58,0
2084297-38,0
2084297-51,4
2084401-46,0
2084401-59,4
2084402-37,0
2084402-66,0
2086181-35,2
2086380-8,1
2087004-6,4
2087005-10,1
2087377-58,1
2087377-70,1
2088280-111,3
2088280-114,1
2088280-73,1
2088280-79,1
2088351-200,4
2088351-203,0
2088351-215,0
2088351-220,0
2088351-224,4
2088351-226,0
2088351-232,2
2088351-235,1
2088351-253,0
2088351-256,3
2088351-260,1
2088351-265,3
2088351-268,3
2088351-271,3
2088351-274,4
2088351-278,3
2088351-298,0
2088351-303,4
2088351-310,0
2088351-313,0
2088351-316,0
2088351-320,4
2088351-324,1
2088351-329,0
2088351-330,0
2088351-333,4
2088351-336,4
2088351-339,1
2088351-342,4
2088351-345,4
2088351-348,1
2090241-6,1
2090722-6,1
2091000-106,0
2091283-8,1
2091284-8,1
2091285-14,3
2091835-46,2
2092057-52,2
2092339-66,2
2092382-35,0
2092382-40,4
2092382-69,1
2092382-78,3
2092382-82,1
2092382-87,4
2093451-19,1
2094936-23,1
2110829-59,3
2110829-65,1
2110829-68,3
2112064-56,0
2112064-71,3
2112490-105,1
2112490-107,3
2112490-110,1
2112490-118,1
2112490-124,3
2112490-44,0
2112490-59,0
2112490-66,1
2112490-92,3
2112490-95,3
2112586-40,3
2112586-54,1
2112734-50,2
2113486-8,4
2114626-17,1
2115253-104,3
2115253-111,3
2115253-116,3
2115253-118,3
2115253-156,3
2115253-167,3
2115253-172,0
2115253-175,1
2115253-179,1
2115253-183,1
2116221-9,1
2116257-9,4
2116870-47,1
2118401-208,3
2118401-219,3
2118401-221,1
2118401-230,1
2118401-246,1
2118401-251,1
2118401-254,1
2118401-258,1
2118401-274,1
2118401-293,1
2118401-296,3
2118401-301,3
2118402-63,1
2118464-49,3
2118464-64,1
2118464-84,0
2120382-10,1
2121416-30,2
2121789-54,2
2121837-38,3
2121839-48,0
2121839-63,4
2121839-78,4
2121839-84,0
2121839-88,4
2121839-91,4
2121843-40,1
2121849-101,4
2121849-41,0
2121849-56,0
2121849-60,4
2121849-63,4
2121849-67,0
2121849-83,4
2122076-298,0
2122076-304,0
2122076-316,0
2122076-324,1
2122076-348,1
2122076-358,1
2122076-371,1
2122076-387,3
2122076-391,3
2122078-122,0
2122078-128,0
2122078-136,4
2122078-139,0
2122078-146,4
2122082-40,0
2122082-53,0
2122082-68,0
2122082-76,0
2122129-45,0
2123066-5,1
2123646-69,2
2123843-59,3
2123843-66,1
2123843-93,1
2123896-64,2
2124451-104,4
2124451-108,0
2124451-124,0
2124451-130,1
2124451-154,0
2124451-156,4
2124451-160,4
2124451-167,0
2124451-170,1
2124451-173,3
2124451-176,1
2124451-191,4
2124451-195,1
2124451-201,0
2124451-203,3
2124451-206,1
2124451-33,0
2124451-41,0
2124451-52,0
2124451-56,4
2124451-73,0
2124451-80,0
2124451-99,4
2124707-9,1
2124774-6,1
2125012-7,4
2125189-130,2
2125189-161,3
2125189-174,3
2125189-176,1
2125189-180,3
2125189-191,1
2125189-74,2
2125277-5,1
2127233-43,0
2127233-55,0
2127233-62,0
2127233-65,0
2127235-6,1
2127681-64,2
2127797-55,0
2127797-64,0
2127797-70,0
2127797-84,1
2127803-41,0
2127803-52,0
2127803-59,0
2127803-75,4
2127803-86,0
2128135-56,2
2128135-61,2
2128135-67,2
2128135-72,2
2128869-89,1
2129185-69,0
2129185-75,0
2129185-86,1
2129647-5,1
2129925-6,1
21306-49,1
2131088-64,2
2132523-80,1
2132524-104,0
2132524-113,4
2132524-36,0
2132524-40,4
2132524-45,0
2132524-64,4
2132524-69,4
2132524-73,0
2132524-78,0
2132902-18,4
2133009-120,2
2133009-126,2
2136580-62,1
2137715-10,1
2137734-51,1
2138678-44,1
2138679-44,0
2138679-55,4
2138679-65,4
2138680-43,2
2138680-57,2
2138707-3,2
2138773-6,2
2138918-54,3
2139049-52,2
21391-47,1
2139214-8,1
2139901-5,1
2139967-38,3
2139967-42,1
2139967-68,3
2139981-110,3
2139981-124,3
2139981-128,1
2139981-131,1
2139981-44,0
2139981-58,3
2139981-70,1
2139981-96,3
21400-240,1
2140098-34,2
2141401-6,1
2141497-80,2
2142691-14,4
2143164-116,2
2143164-126,1
2143164-135,3
2143692-2,2
2144465-45,0
2144465-55,3
2144465-61,3
2144465-77,1
2144995-104,0
2144995-99,3
2145275-48,3
2145819-51,3
2145822-60,1
2146350-85,2
2146750-44,2
2147241-38,0
2147241-44,3
2147241-47,3
2147241-51,4
2147241-54,0
2147241-60,4
2147241-66,1
2147241-69,3
2147241-72,4
2147513-112,2
2147513-140,2
2147513-171,2
2147513-92,2
2147513-99,2
2148085-80,2
2148437-104,1
2148437-123,3
2148437-158,0
2148437-171,3
2148437-44,0
2148437-58,0
2148437-84,1
2148736-45,2
2149303-50,1
2149372-22,4
2149529-2,2
2149785-72,1
2150163-78,2
2151922-57,0
2151922-66,0
2151995-58,1
2151995-82,3
2152544-73,3
2152748-80,2
2153100-53,3
2153100-59,3
2153290-6,3
2153714-7,1
2156331-35,0
2156331-50,0
2156497-8,4
21571-106,3
21571-116,1
21571-127,3
21571-130,1
21571-133,1
21571-139,1
21571-141,1
21571-143,1
21571-148,1
21571-151,1
21571-154,1
21571-156,1
2158425-105,0
2158425-108,0
2158425-111,0
2158425-114,4
2158425-120,0
2158425-147,0
2158425-150,2
2158425-154,0
2158425-38,0
2158425-41,0
2158425-52,0
2158425-62,4
2158425-87,0
21585-100,1
2158536-10,4
2158716-112,1
2158716-139,1
2158716-143,3
2160441-100,2
2160441-82,2
2160441-90,2
2160639-11,4
2160695-2,2
2160695-7,2
2160860-118,0
2160860-131,0
2160860-165,3
2160860-168,1
2160860-173,0
2160860-176,1
2160860-178,3
2160860-181,3
2160860-184,4
2160860-187,1
2160860-190,1
2160860-198,0
2160860-202,3
2160860-213,1
2160860-52,0
2160860-55,0
2160860-58,0
2160860-65,4
2160860-84,0
2160860-93,1
2162525-6,1
2162566-7,1
2163629-6,1
2163986-7,1
2164132-54,1
2164132-60,1
2164134-31,1
2164234-101,0
2164234-103,4
2164234-106,4
2164234-109,4
2164234-113,4
2164234-38,0
2164234-47,0
2164234-52,0
2164234-57,0
2164234-63,0
2164234-70,0
2164234-73,4
2164234-77,4
2164234-79,0
2164234-81,4
2164234-87,0
2164332-6,1
2164345-72,2
2164596-9,1
2164719-7,1
2165194-100,1
2165194-102,3
2165194-103,1
2165194-130,1
2165194-96,3
2165578-43,0
2165578-55,0
2165578-61,0
2165578-69,0
2166092-33,3
2166260-19,1
2166464-128,1
2166464-132,3
2166464-52,0
2166595-59,1
2166595-61,1
2166595-65,1
2166600-80,3
2166600-81,1
2166600-89,3
2166600-91,1
2166600-93,1
2166877-73,1
2166877-79,3
2166878-66,2
2166882-73,2
2166882-95,2
2167507-100,0
2167507-107,4
2167507-112,3
2167507-118,4
2167507-125,0
2167507-49,4
2167507-52,0
2167507-55,0
2167507-59,0
2167507-65,4
2167507-76,0
2167507-81,0
2167507-87,4
2167543-40,0
2167882-83,1
2167938-18,0
2167938-21,0
2168064-12,0
2168064-15,0
2168064-19,1
2168064-9,4
2168250-55,2
2168386-45,1
2169217-6,4
2169397-9,1
2170483-6,4
2170496-89,2
2170504-45,2
2171314-10,3
2173096-10,1
2173291-6,4
2173680-62,1
2173759-7,1
2174273-7,1
2175597-7,1
2175857-4,5
2175977-108,2
2175977-119,2
2175977-128,2
2175977-137,2
2175977-139,2
2176886-79,1
2177118-7,1
2177451-109,3
2177451-123,3
2177451-126,3
2177451-129,3
2177451-131,3
2177451-57,4
2177451-73,0
2177451-75,0
2177451-78,0
2177451-83,0
2177451-86,4
2177451-90,1
2177527-62,2
2177527-66,2
2178170-53,1
2178170-58,1
2178408-157,3
2178408-165,1
2178408-173,1
2179189-45,0
2179189-59,0
2180386-73,2
2180608-7,4
2180710-5,4
2181260-40,0
2181260-53,1
2181260-73,3
2181260-81,3
2182065-64,3
2182065-70,3
2182520-69,2
2182535-20,0
2182535-22,3
2182658-64,2
2182708-94,2
2183306-45,0
2183306-48,4
2183943-68,1
2184326-102,1
2184326-98,1
2184458-106,3
2184458-111,1
2184458-115,3
2184458-123,1
2184458-127,1
2184458-131,1
2184458-161,3
2184458-169,1
2184458-172,3
2184458-184,1
2184458-92,3
2184973-58,1
2184973-62,1
2184973-65,3
2184973-71,1
2184973-76,1
2186530-6,1
2186621-101,1
2186621-115,1
2186621-64,3
2186777-31,3
2186777-35,1
2186805-6,4
2187020-9,1
2187087-144,3
2187087-155,0
2187087-162,0
2187087-169,0
2187087-172,0
2187087-174,3
2187087-179,3
2187087-182,3
2187087-185,3
2187087-189,3
2187087-192,3
2187087-194,3
2187087-196,3
2187087-39,3
2187087-53,3
2187087-60,1
2187087-67,3
2187087-99,3
2187635-29,2
2187737-39,2
2187737-40,2
2188301-38,0
2188301-41,0
2188301-45,4
2188301-48,4
2188301-50,0
2188301-57,0
2188301-59,4
2188301-62,4
2188301-65,4
2188690-32,1
2189858-42,0
2189858-45,0
2189858-49,0
2189858-53,0
2189858-73,3
2190084-79,1
2190084-88,1
2190084-93,1
2190190-68,1
2190237-103,4
2190237-105,4
2190237-108,4
2190237-111,4
2190237-114,4
2190237-117,0
2190237-37,0
2190237-40,3
2190237-47,0
2190237-50,4
2190237-54,0
2190237-57,0
2190237-60,4
2190237-66,0
2190237-69,4
2190237-72,3
2190237-76,4
2190237-80,4
2190237-82,4
2190237-86,4
2190237-94,0
2190237-97,4
2190237-99,0
2190265-63,1
2190288-81,3
2190355-51,0
2190355-74,1
2190355-84,3
2190355-87,3
2190355-90,1
2190518-34,2
2190638-32,2
2190707-68,2
2190730-67,1
2190822-75,2
2190822-86,2
2190822-89,2
2190880-37,3
2190986-104,2
2190986-112,2
2190986-125,2
2190986-74,2
2191126-33,2
2191205-43,3
2191205-54,3
2191205-76,3
2191205-79,1
2191403-90,2
2191628-32,2
2191686-54,2
2191844-54,2
2191844-62,2
2191944-53,2
2192288-85,2
2192300-10,1
2192459-114,2
2192459-503,2
2192459-588,3
2192459-591,3
2192459-601,1
2192459-609,0
2192459-612,0
2192459-616,4
2192459-619,0
2192459-625,0
2192459-636,1
2192459-640,1
2192459-646,0
2192459-649,1
2192459-653,1
2192459-657,1
2192459-662,0
2192459-665,1
2192459-668,1
2192459-671,3
2192459-690,0
2192459-692,3
2192459-696,1
2192459-704,3
2192459-705,0
2192459-724,1
2192459-727,1
2192459-730,1
2192459-734,1
2192459-741,2
2192459-757,0
2192459-763,4
2192459-772,0
2192459-775,0
2192459-779,4
2192459-781,0
2192459-786,1
2192459-794,0
2192459-795,1
2192459-798,1
2192459-804,1
2192459-807,1
2192459-810,1
2192459-813,1
2192459-816,1
2192459-819,1
2192901-54,2
2193081-64,2
2193334-53,2
2193540-135,3
2193540-77,3
2193564-40,0
2193564-43,0
2193564-54,0
2193564-57,4
2193587-69,2
2193587-83,2
2193670-52,2
2193787-58,2
2193789-38,2
2193953-77,2
2193953-78,2
2194357-6,4
2194442-74,3
2194540-7,1
2194587-127,2
2194587-137,2
2194587-146,2
2194587-150,2
2194587-154,2
2194587-158,2
2194587-166,2
2194587-170,2
2194587-175,2
2194587-178,2
2194587-179,2
2194587-180,2
2194646-123,3
2194646-126,3
2194646-130,3
2194861-62,3
2194861-66,3
2194861-73,3
2194861-77,1
2194861-79,1
2194861-82,1
2194861-85,1
2194861-91,1
2194861-94,1
2194899-100,1
2194899-103,1
2194899-107,1
2194899-109,3
2194899-116,3
2194899-125,1
2194899-137,1
2194899-141,1
2194899-91,3
2194899-96,3
2195203-81,2
2195634-67,2
2195869-30,2
2196355-66,1
2196486-105,2
2196486-79,2
2196486-92,2
2196833-307,3
2196833-323,3
2196833-326,1
2196833-328,1
2196833-331,1
2196833-349,1
2196833-353,1
2196833-356,1
2196833-359,1
2196833-362,1
2196833-365,1
2196833-373,1
2196833-380,1
2196833-386,1
2196833-390,4
2196833-392,4
2196833-395,1
2197160-52,1
2197160-54,1
2197160-57,1
2197160-60,3
2197160-67,1
2197504-87,1
2197956-43,2
2198163-46,2
2198163-54,2
2199215-101,3
2199215-104,3
2199215-107,3
2199215-112,3
2199215-162,3
2199215-59,3
2199215-68,3
2199215-82,3
2199215-85,1
2199215-94,3
2199215-97,3
2199310-35,0
2199310-38,3
2199310-43,3
2199310-46,3
2199310-51,0
2199310-55,0
2199763-38,0
2199763-44,0
2199763-49,4
2199763-53,1
2199763-58,1
2199763-66,3
2199763-71,1
2199763-74,1
2199763-77,1
2199763-79,3
2199763-83,1
2199763-88,1
2199763-91,3
2200802-2,2
2200900-17,4
2201529-33,3
2201532-39,3
2203106-13,1
2203957-115,1
2203957-123,1
2203957-126,3
2203957-157,1
2203957-159,3
2203957-163,3
2203957-166,3
2203957-170,3
2203957-177,1
2204056-138,0
2204056-146,3
2204056-153,0
2204056-174,0
2204056-183,0
2204056-190,1
2204088-80,0
2204088-85,0
2204088-88,1
2204433-51,2
2205254-76,1
2205332-41,2
2205388-70,2
2205645-102,1
2205645-105,1
2205645-110,1
2205645-113,3
2205645-121,3
2205645-174,1
2205645-176,3
2205645-179,3
2205645-183,1
2205645-60,3
2205645-74,3
2205645-77,1
2205645-82,3
2205645-92,3
2205645-99,3
2206168-106,2
2206203-119,3
2206203-138,1
2206203-146,3
2206203-165,3
2206203-171,3
2206203-177,3
2206203-188,1
2206203-197,3
2206203-200,3
2206203-220,3
2206203-223,3
2206203-231,1
2206203-234,1
2206203-239,1
2206395-51,1
2206395-55,3
2206395-58,3
2206395-99,3
2206678-34,2
2207066-109,2
2207429-60,1
2207613-130,0
2207613-135,4
2207613-144,0
2207613-147,0
2207613-150,4
2207613-154,4
2207613-156,0
2207613-160,0
2207613-166,4
2207613-167,1
2207613-171,0
2207613-174,4
2207613-180,1
2207613-183,4
2207613-192,0
2207613-195,4
2207613-203,0
2207613-205,4
2207613-209,3
2207613-213,3
2207767-59,2
2207768-88,2
2207768-92,2
2208007-48,2
2208674-102,2
2208674-105,2
2208674-94,2
2208682-147,1
2208682-151,3
2208682-154,3
2208682-162,1
2208682-164,3
2208682-167,1
2208720-41,3
2208720-44,3
2208720-50,1
2208720-53,1
2208720-56,3
2208720-68,3
2208771-83,1
2209381-100,1
2209381-70,0
2209381-77,0
2209381-85,0
2209381-92,0
2209381-95,0
2209722-11,1
2209764-49,2
2210127-55,2
2210127-60,2
2210439-43,2
2210523-26,0
2210523-35,0
2210523-38,3
2210523-43,0
2210523-47,4
2210523-59,0
2210523-62,0
2210523-66,0
2210523-70,1
2210757-104,1
2210757-93,1
2210757-96,3
2210920-80,2
2211506-10,3
2211629-12,1
2212362-47,1
2212908-90,2
2212949-38,1
2212949-45,3
2212949-49,3
2213191-106,3
2213191-40,3
2213191-48,3
2213191-53,3
2213191-60,3
2213191-62,1
2213191-67,3
2213191-68,3
2213191-73,3
2213191-81,3
2213263-61,2
2213329-47,2
2213329-50,2
2214043-72,2
2214151-11,1
2214811-8,1
2215146-4,1
2215268-40,2
2215293-9,4
2215381-8,1
2216799-23,0
2216799-30,3
2216799-34,4
2216799-41,0
2216799-67,3
2216799-71,1
2217142-68,3
2217142-73,3
2217142-86,3
2217142-88,1
2218244-20,2
2218250-71,3
2218538-8,1
2219406-6,1
2219446-36,2
2219905-7,0
2219957-27,2
2219957-37,2
2219957-46,2
2219957-54,2
2219957-58,2
2219957-61,2
2220292-164,2
2220292-179,2
2220292-188,2
2220292-202,2
2220292-211,1
2220292-218,1
2220292-229,3
2221765-29,2
2222835-39,2
2222835-45,2
2222884-104,1
2222884-39,0
2222884-43,0
2222884-47,4
2222884-48,4
2222884-54,0
2222884-57,3
2222884-59,0
2222884-62,1
2222884-67,0
2222884-70,1
2222884-73,1
2222884-77,0
2222884-80,3
2222884-83,4
2222884-86,3
2222884-88,1
2222884-98,0
2222991-6,1
2222992-9,4
2223878-29,2
2223878-37,2
2223878-42,2
2223878-46,2
2224067-44,3
2224067-58,3
2224067-81,3
2224067-84,3
2224067-87,1
2224067-90,1
2224067-92,1
2224225-63,1
2224532-74,1
2224532-83,1
2224574-5,1
2224755-51,2
2224760-5,1
2224999-104,0
2224999-107,4
2224999-67,0
2224999-77,0
2224999-88,0
2224999-96,4
2226269-18,3
2226336-8,1
2226362-7,1
2226885-52,2
2227826-24,3
2227917-37,3
2227917-42,1
2228151-115,1
2228151-134,3
2228665-48,1
2228978-53,3
2229308-40,3
2229308-44,1
2229308-50,3
2229308-53,3
2229308-55,1
2229308-56,1
2229308-64,1
2229308-65,1
2229308-66,1
2229308-70,3
2229308-71,3
2229308-75,1
2229308-77,1
2229308-80,1
2229308-83,1
2229308-89,1
2229308-92,1
2229812-6,4
2229813-5,4
2230248-6,1
2230560-22,2
2230573-7,1
2230677-4,2
2230815-65,3
2230815-71,3
2231632-102,1
2231632-97,1
2231979-51,2
2232067-10,1
2232173-4,1
2233488-33,3
2233718-10,1
2234001-59,1
2234001-65,3
2234001-68,3
2234001-69,3
2234707-53,1
2236170-30,2
2236170-47,2
2236213-24,3
2236213-50,3
2236261-46,3
2236261-56,3
2236291-85,1
2236326-12,1
2236326-19,1
2236340-105,1
2236340-109,3
2236340-116,3
2236340-80,3
2236340-89,3
2236388-26,2
2236607-77,1
2236858-34,3
2237076-33,2
2237331-53,1
2237876-103,3
2237876-107,3
2237876-113,3
2237876-116,3
2237876-119,3
2237876-120,3
2237876-159,0
2237876-166,0
2237876-171,0
2237876-176,1
2237876-177,3
2237876-180,1
2237876-183,3
2237876-188,1
2237876-99,1
2238112-32,3
2238112-46,3
2238112-59,3
2238112-62,3
2238112-68,1
2238112-71,3
2238112-81,3
2238112-82,3
2238434-100,1
2238434-104,3
2238434-146,0
2238434-150,0
2238434-80,1
2238434-85,3
2238434-87,1
2238434-89,3
2238434-94,3
2238434-99,3
2238473-32,2
2238473-42,2
2238473-49,2
2238473-52,2
2238527-77,2
2238652-59,1
2239098-68,1
2239424-51,2
2239620-42,2
2241642-59,1
2241642-76,1
2241642-91,3
2241660-35,3
2241660-61,1
2241660-73,3
2241660-77,3
2241660-85,1
2241660-90,1
2241660-99,1
2241662-103,1
2241662-109,3
2241662-117,1
2241662-118,1
2241662-123,1
2241662-131,1
2241662-137,1
2241662-37,3
2241662-46,3
2241662-66,3
2241662-72,3
2241662-76,1
2241662-77,1
2241662-79,1
2241662-81,3
2241662-85,1
2241662-90,3
2241662-93,3
2241662-96,1
2241662-98,3
2241695-100,1
2241695-65,1
2241811-29,2
2241973-52,2
2242000-151,3
2242000-83,3
2242000-90,1
2242140-138,1
2242140-63,3
2242140-72,3
2242140-81,3
2242238-17,1
2242282-7,1
2242322-7,1
2242344-15,1
2242400-83,1
2242413-59,3
2242413-81,3
2242488-47,3
2242488-56,3
2242583-25,1
2242583-46,3
2242583-51,1
2242583-55,1
2242583-61,1
2242583-63,1
2242583-66,1
2242618-52,1
2242618-79,1
2242621-7,1
2242821-110,3
2242821-129,1
2242868-76,3
2242887-100,1
2242887-109,3
2242887-152,3
2242887-57,3
2242887-64,3
2242887-67,1
2242887-82,3
2242887-95,3
2242888-100,1
2242888-105,3
2242888-108,1
2242888-111,1
2242888-114,1
2242888-115,1
2242888-38,3
2242888-48,3
2242888-56,3
2242888-60,3
2242888-66,1
2242888-67,1
2242888-71,1
2242888-78,3
2242888-93,3
2242888-95,3
2243079-117,0
2243079-126,0
2243079-131,3
2243079-156,3
2243079-161,1
2243079-162,1
2243079-167,1
2243079-168,1
2243079-81,3
2243108-76,1
2244008-82,3
2244243-105,1
2244243-62,1
2244243-71,3
2244773-6,1
2246357-57,3
2246359-31,3
2247459-6,3
2247564-60,3
2247980-114,1
2249891-100,1
2249891-32,3
2249891-47,3
2249891-52,1
2249891-58,3
2249891-60,3
2249891-64,3
2249891-73,3
2249891-78,1
2249891-85,1
2249891-95,1
2249891-98,1
2249925-110,3
2249925-113,1
2249925-120,3
2249925-153,3
2249925-158,3
2249932-20,2
2249946-31,3
2249946-35,1
2249946-37,3
2249946-40,1
2249946-43,3
2249946-53,1
2249946-56,1
2249946-60,3
2249946-63,1
2249946-66,1
2249946-69,1
2249946-71,1
2249946-85,1
2249946-92,1
2249946-96,1
2249946-99,1
2250300-35,3
2250300-52,3
2250977-41,3
2250977-44,3
2250977-56,1
2251191-45,3
2251392-38,3
2251392-41,3
2251392-44,3
2251392-46,3
2251392-52,1
2251392-53,1
2251392-68,3
2251392-71,1
2251392-74,1
2251392-79,3
2251392-82,1
2251392-85,3
2251392-90,3
2251392-91,1
2251493-6,1
2251922-8,1
2251926-55,1
2251961-45,1
2251961-48,3
2252589-101,1
2252589-40,3
2252589-46,3
2252589-56,3
2252589-59,1
2252589-62,1
2252589-66,1
2252589-68,3
2252589-70,3
2252589-76,1
2252589-79,3
2252589-82,1
2252589-87,1
2252589-90,3
2252649-63,1
2252939-100,3
2252939-103,1
2252939-107,3
2252939-112,1
2252939-76,3
2252939-96,1
2253137-15,1
2253356-65,3
2253390-51,2
2253431-33,3
2253453-10,1
2253458-7,1
2253471-108,3
2253471-47,3
2253778-117,3
2253778-118,3
2253778-120,3
2253778-59,1
2253778-63,3
2253778-67,3
2253778-69,1
2253778-73,1
2253778-79,3
2253778-86,1
2253778-89,1
2253778-93,3
2253827-32,3
2254065-83,2
2254253-51,1
2254253-62,1
2254253-67,3
2254287-56,1
2254287-60,1
2254287-63,3
2254287-66,3
2254350-36,2
2254441-9,1
2255003-39,2
2255003-42,2
2255096-29,3
2255096-53,3
2255149-100,1
2255149-106,1
2255149-115,1
2255149-120,1
2255149-49,3
2255149-75,3
2255149-80,3
2255149-83,1
2255149-89,0
2255149-92,0
2255149-94,1
2255149-97,3
2255199-44,1
2255199-60,0
2255199-68,0
2255199-78,0
2255199-80,1
2255199-88,1
2255237-7,1
2255363-43,3
2255363-59,3
2255363-71,3
2255387-65,3
2255387-98,3
2255463-34,2
2255581-49,2
2255608-58,1
2255756-42,2
2256130-22,3
2256130-37,1
2256130-40,3
2256130-44,3
2256130-46,1
2256130-50,1
2256130-56,1
2256246-12,1
2256542-32,3
2256542-68,1
2257301-39,2
2257804-103,2
2257804-39,2
2257804-57,2
2257804-82,2
2258555-48,2
2258555-52,2
2258555-56,2
2258555-60,2
2258716-15,1
2258717-9,1
2258828-105,1
2258907-9,1
2258964-34,3
2258964-42,3
2258964-50,3
2258964-53,3
2258964-56,3
2258964-60,1
2258964-78,3
2259417-68,2
2259474-8,1
2260433-104,3
2260433-108,3
2260433-116,1
2260433-124,3
2260433-129,1
2260433-136,1
2260433-145,1
2260433-156,1
2260433-162,1
2260433-167,3
2260433-176,1
2260433-194,3
2260433-198,3
2260433-200,3
2260433-204,3
2260433-210,1
2260433-305,3
2260433-312,1
2260433-329,3
2260433-338,3
2260433-53,3
2260433-58,3
2260433-64,3
2260433-76,3
2260433-81,3
2260433-83,3
2260433-87,1
2260433-92,3
2260433-96,1
2260444-10,1
2260458-52,3
2260458-55,1
2260781-10,1
2260971-103,1
2260971-110,3
2260971-117,3
2260971-122,1
2260971-130,3
2260971-134,1
2260971-146,1
2260971-149,3
2260971-30,3
2260971-38,3
2260971-43,3
2260971-60,3
2260971-62,3
2260971-64,3
2260971-69,3
2260971-74,1
2260971-83,1
2260971-85,3
2260971-89,1
2260971-98,3
2261119-26,2
2261121-104,3
2261121-110,3
2261121-114,3
2261121-172,1
2261121-177,1
2261121-82,1
2261121-88,1
2261121-90,1
2261121-99,3
2261939-107,3
2261939-110,1
2261939-113,3
2261939-31,3
2261939-42,3
2261939-48,3
2261939-52,3
2261939-55,1
2261939-58,1
2261939-62,1
2261939-72,3
2261939-76,3
2261939-80,3
2261939-85,3
2261939-89,1
2261939-94,1
2261939-99,3
2261956-47,2
2262083-244,2
2262083-558,2
2262083-566,2
2262083-570,2
2262083-576,2
2262083-597,2
2262099-33,1
2262108-41,2
2262837-19,2
2262945-52,2
2263290-48,1
2263290-53,3
2263410-69,1
2263410-70,3
2263410-74,3
2263719-64,1
2263719-67,3
2263719-89,3
2263719-93,3
2263846-8,1
2264253-10,1
2264286-57,2
2264376-31,2
2264837-9,1
2265123-52,1
2265124-102,3
2265124-107,3
2265124-34,3
2265124-39,3
2265124-52,3
2265124-54,3
2265124-64,3
2265124-68,3
2265124-70,1
2265124-74,3
2265124-82,1
2265124-85,3
2265124-91,3
2265124-96,3
2265295-39,3
2265295-61,3
2265295-72,3
2265295-74,1
2265440-8,1
2265505-38,3
2265505-41,1
2265599-15,3
2265603-43,3
2265603-59,3
2265631-107,1
2265631-109,1
2265631-112,1
2265631-114,3
2265631-116,1
2265631-118,1
2265631-121,1
2265631-123,3
2265679-30,2
2265679-32,2
2265679-34,2
2266115-55,3
2266116-68,3
2266116-73,3
2266116-83,3
2266116-87,1
2266146-42,3
2266253-8,1
2266304-9,1
2266321-8,1
2266592-34,2
2266921-7,1
2267065-45,0
2267065-55,0
2267065-67,3
2267065-75,3
2267419-90,2
2267621-36,3
2267621-54,3
2267621-58,1
2267621-61,1
2267660-10,1
2267685-143,0
2267685-149,0
2267685-154,0
2267685-158,3
2267685-33,3
2267685-38,0
2267685-46,4
2267685-56,0
2267685-64,3
2267685-96,1
2267686-106,0
2267686-112,0
2267686-117,3
2267686-119,1
2267686-123,1
2267686-126,1
2267686-129,1
2267686-131,1
2267686-44,3
2267686-52,3
2267727-34,2
2267727-46,2
2267727-57,2
2267727-68,2
2267745-104,1
2267745-52,3
2267745-65,3
2267745-68,0
2267745-74,4
2267745-89,0
2267745-94,0
2267745-99,3
2267811-124,3
2267811-28,3
2267811-35,3
2267811-46,3
2267811-50,1
2267811-51,1
2267811-54,3
2267811-58,1
2267811-61,3
2267811-64,3
2267811-66,1
2267811-73,3
2267811-76,1
2267811-79,3
2267839-92,2
2268029-104,3
2268069-50,3
2268069-69,1
2268069-73,3
2268414-39,1
2268414-55,3
2268416-39,3
2268416-43,1
2268417-30,3
2268417-35,3
2268417-49,3
2268417-52,1
2268417-54,1
2268417-57,3
2268417-63,3
2268417-71,3
2268417-74,1
2268417-77,1
2268417-80,3
2268619-48,3
2268662-44,2
2268676-103,2
2268676-115,2
2268676-120,2
2268676-127,2
2268676-85,2
2268884-83,3
2268884-94,1
2268936-53,3
2268936-61,1
2268937-47,2
2268937-58,2
2269049-8,1
2269480-8,1
2269481-8,1
2269485-45,3
2269485-69,3
2269710-9,1
2269745-144,1
2269745-70,3
2269745-79,1
2269745-81,3
2269745-84,3
2269745-86,1
2269745-88,1
2269745-90,1
2269745-93,1
2269911-43,1
2269911-44,1
2269911-46,1
2269911-51,3
2269911-54,3
2269911-59,1
2269911-61,3
2269911-64,3
2269941-10,1
2270100-31,0
2270100-37,0
2270100-51,1
2270100-53,1
2270117-9,1
2270163-9,1
2270403-59,1
2270433-32,1
2270577-9,1
2270639-31,2
2270642-30,1
2270789-100,1
2270789-103,3
2270789-106,3
2270789-144,3
2270789-150,3
2270789-157,4
2270789-158,0
2270789-169,1
2270789-170,1
2270789-176,1
2270789-179,1
2270789-187,3
2270789-191,1
2270789-194,1
2270789-41,0
2270789-48,0
2270789-61,4
2270789-62,3
2270789-64,1
2270789-65,1
2270789-68,3
2270789-71,3
2270789-73,1
2270789-76,3
2270789-79,1
2270789-85,3
2270789-88,1
2270789-91,3
2270789-94,1
2270789-97,1
2270800-21,3
2270800-26,3
2270800-34,1
2270800-40,3
2270800-53,3
2270800-61,1
2270800-62,3
2270800-68,3
2270800-71,1
2270894-103,1
2270894-111,3
2270894-114,1
2270894-117,3
2270894-120,3
2270894-123,3
2270894-129,3
2270894-132,3
2270894-139,3
2270894-143,3
2270894-148,3
2270894-75,3
2270894-81,3
2270894-93,3
2270894-96,1
2270902-28,3
2270902-33,3
2270902-44,3
2270902-50,3
2270902-97,3
2270971-60,1
2271124-108,3
2271124-111,3
2271124-117,3
2271124-123,3
2271124-27,3
2271124-34,3
2271124-43,3
2271124-46,1
2271124-50,4
2271124-59,1
2271124-70,3
2271124-73,1
2271124-76,3
2271161-126,2
2271161-134,2
2271161-139,2
2271161-145,2
2271161-147,2
2271161-71,2
2271161-83,2
2271762-43,2
2272137-108,1
2272137-114,1
2272137-123,3
2272137-125,1
2272137-129,1
2272137-133,1
2272137-137,1
2272137-144,3
2272137-147,1
2272137-152,1
2272137-156,1
2272137-159,1
2272137-172,3
2272137-174,1
2272137-177,1
2272137-196,3
2272137-215,3
2272137-218,1
2272137-224,1
2272137-231,1
2272137-236,1
2272137-245,1
2272137-249,3
2272137-253,1
2272137-254,1
2272137-259,3
2272137-263,1
2272137-266,1
2272137-269,1
2272137-28,3
2272137-36,3
2272137-49,1
2272137-60,1
2272137-76,3
2272137-89,1
2272137-99,3
2273453-40,3
2273453-49,3
2273453-62,3
2273453-64,1
2273453-69,3
2273453-73,1
2273453-79,3
2273453-83,3
2273570-9,1
2273736-9,1
2273738-9,1
2273740-9,1
2273823-27,2
2274204-101,3
2274204-104,1
2274204-110,3
2274204-137,3
2274204-149,3
2274204-151,3
2274204-155,3
2274204-47,3
2274204-57,3
2274204-67,1
2274204-81,3
2274204-85,3
2274204-88,1
2274204-97,3
2274464-8,1
2274646-8,1
2275192-9,1
2275255-51,1
2275255-59,1
2275255-63,3
2275255-67,3
2275355-10,1
2275537-102,3
2275537-117,3
2275537-122,3
2275537-128,1
2275537-51,2
2275537-86,3
2275537-95,3
2275723-79,1
2275840-125,3
2275840-89,3
2276120-16,1
2276475-58,1
2276475-67,3
2276547-54,1
2277190-65,2
2277190-75,2
2277190-83,2
2277242-56,3
2277279-40,2
2277279-53,2
2277279-64,2
2277279-68,2
2277651-56,2
2278141-8,1
2278161-34,3
2278161-51,1
2278161-55,1
2278161-58,1
2278161-65,1
2278599-8,1
2278639-45,2
2279127-75,3
2279127-94,1
2279258-8,1
2279513-102,3
2279513-106,3
2279513-109,1
2279513-112,1
2279513-115,1
2279513-118,3
2279513-122,1
2279513-126,3
2279513-129,3
2279513-37,3
2279513-42,3
2279513-56,3
2279513-64,1
2279513-75,3
2279513-90,1
2279513-93,1
2279513-96,1
2279545-9,1
2279744-42,3
2279744-49,3
2279744-54,3
2279744-57,1
2279744-84,3
2279744-86,1
2279744-89,1
2279744-92,1
2279744-97,1
2279750-39,1
2279938-9,1
2280241-26,3
2280241-44,1
2280241-52,3
2280241-57,1
2280241-60,3
2280241-63,1
2280241-66,3
2280394-9,1
2280741-9,1
2280928-62,1
2280928-69,3
2282142-9,1
2282258-7,1
2282791-60,1
2282791-68,1
2283058-70,2
2283058-74,2
2283064-28,3
2283064-54,3
2283064-57,1
2283432-38,1
2283432-41,1
2283432-45,1
2283436-57,3
2283436-58,1
2283436-67,3
2283436-69,3
2283448-52,1
2283448-53,1
2283678-32,3
2283678-40,3
2283678-47,1
2283678-55,1
2283678-56,1
2283678-59,1
2283678-61,3
2283678-64,1
2283678-69,1
2283678-72,1
2283678-77,1
2283678-84,1
2283740-12,1
2284222-31,2
2284777-7,1
2284912-20,1
2284931-73,1
2285390-59,2
2285501-23,2
2285694-26,2
2285694-33,2
2285694-36,2
2285694-50,3
2285694-55,0
2285694-58,1
2285702-7,1
2285889-103,3
2285889-105,1
2285889-119,1
2285889-126,3
2285889-176,3
2285889-187,3
2285889-192,3
2285889-195,3
2285889-198,3
2285889-201,3
2285889-205,3
2285889-60,3
2285889-72,3
2285889-88,3
2285889-91,1
2285889-95,1
2286125-7,1
2286627-121,2
2286627-142,2
2286627-150,2
2286627-155,2
2286806-66,3
2286806-71,3
2286806-73,1
2286932-7,1
2286993-44,1
2287055-9,1
2287066-9,1
2287293-9,1
2287390-7,1
2287511-60,2
2287511-68,2
2287511-71,2
2287777-8,1
2287908-7,1
2288021-102,2
2288021-108,2
2288021-113,2
2288021-40,2
2288318-70,1
2288318-78,1
2288387-63,3
2288387-76,1
2288387-82,1
2288387-93,3
2288387-95,3
2288389-103,3
2288389-105,3
2288389-107,3
2288389-110,3
2288389-113,3
2288389-115,3
2288389-117,3
2288389-122,3
2288389-132,3
2288389-146,3
2288389-160,3
2288389-53,1
2288389-68,3
2288389-78,1
2288389-88,3
2288389-91,3
2288389-92,3
2288389-98,1
2288534-8,1
2288734-8,3
2288801-59,1
2288801-72,1
2288801-77,1
2289351-66,2
2289441-33,2
2289537-9,1
2289552-46,2
2289552-55,2
2289552-58,2
2289616-31,1
2289763-52,2
2289980-49,1
2289980-54,3
2290114-13,1
2290130-49,2
2290759-62,2
2290774-17,1
2291298-41,2
2291711-21,2
2291794-43,1
2291794-46,3
2291794-51,3
2291794-54,3
2291794-57,3
2291794-60,1
2291794-62,1
2291877-43,2
2291898-53,3
2291898-73,1
2291898-78,1
2292163-103,3
2292163-104,3
2292163-122,3
2292163-125,1
2292163-130,3
2292163-131,1
2292163-137,3
2292163-139,3
2292163-142,3
2292163-145,1
2292163-148,1
2292163-151,3
2292163-154,1
2292163-157,3
2292163-167,1
2292163-182,3
2292163-188,1
2292163-29,3
2292163-35,3
2292163-66,3
2292163-72,1
2292163-77,3
2292163-81,1
2292163-85,1
2292163-88,3
2292163-92,3
2292163-97,1
2292163-98,1
2292191-9,1
2293229-55,1
2293229-61,3
2293230-44,1
2293428-47,1
2293428-48,1
2293428-50,1
2293428-71,3
2293428-77,1
2293428-80,1
2293428-83,3
2293449-108,2
2293449-111,2
2293449-117,2
2293449-126,2
2293449-129,2
2293449-132,2
2293449-133,2
2293449-136,2
2293449-138,2
2293449-141,2
2293449-144,2
2293449-147,2
2293449-169,3
2293449-174,1
2293449-176,1
2293449-187,1
2293449-188,1
2293449-191,1
2293449-195,1
2293449-199,1
2293449-202,1
2293449-205,1
2293449-209,1
2293449-215,3
2293449-237,1
2293449-241,1
2293449-244,1
2293449-247,1
2293449-250,1
2293449-255,1
2293449-38,2
2293449-45,2
2293449-52,2
2293449-54,2
2293703-113,3
2293703-117,3
2293703-120,1
2293703-122,1
2293703-125,1
2293703-129,1
2293703-138,1
2293703-39,2
2293703-90,2
2293709-40,3
2293709-45,3
2293709-51,1
2293709-56,1
2293710-37,1
2293712-45,1
2293712-48,1
2293798-23,1
2293978-5,4
2293985-5,1
2294020-60,3
2294020-65,1
2294020-68,3
2294020-71,3
2294403-10,1
2294651-25,3
2294651-33,1
2294651-38,1
2295135-33,2
2295975-8,1
2296277-8,1
2296528-48,2
2296528-63,2
2296768-8,1
2296827-14,1
2296914-11,1
2297227-10,1
2297260-11,1
2297494-8,1
2297552-15,3
2297579-44,1
2297579-49,3
2297579-53,3
2297579-56,3
2297579-86,1
2297579-87,3
2297849-7,1
2297870-6,1
2298445-40,3
2298445-65,1
2298445-68,3
2298445-71,3
2298445-74,3
2298445-77,3
2298445-81,3
2298776-5,2
2299175-73,2
2299480-8,1
2299545-8,1
2299647-11,1
2299903-53,1
2300232-56,2
2300280-15,2
2300280-17,2
2300281-26,2
2300281-30,2
2300281-34,2
2300281-38,2
2300281-42,2
2300281-46,2
2300281-6,2
2300283-13,2
2300284-11,2
2300676-2,2
2300727-2,2
2300880-36,2
2300880-76,3
2300880-79,1
2300880-88,3
2300880-91,1
2300880-94,1
2300944-10,1
2301088-67,1
2301088-74,1
2301103-79,2
2301321-31,3
2301321-40,1
2301371-65,1
2301371-72,3
2301371-74,1
2301371-78,3
2301425-16,3
2301425-20,1
2301683-33,3
2301914-8,1
2303528-73,1
2303871-36,2
2304142-11,1
2304142-8,3
2304326-37,0
2304326-42,0
2304326-64,1
2304353-65,1
2304733-7,1
2304959-33,2
2304959-40,2
2304959-43,2
2305021-8,1
2305189-27,1
2305340-3,2
2305341-2,2
2305375-57,2
2305437-2,2
2305440-2,2
2305816-108,2
2306101-7,1
2306112-59,1
2306112-62,1
2306112-69,1
2306440-6,1
2306916-8,1
2307548-42,3
2307548-61,1
2307548-67,3
2307548-68,1
2307548-71,1
2307548-75,1
2308028-9,1
2308087-13,2
2308087-5,2
2309053-105,1
2309053-106,1
2309053-109,3
2309053-112,1
2309053-125,1
2309053-157,0
2309053-167,0
2309053-173,0
2309053-174,4
2309053-176,0
2309053-179,3
2309053-68,3
2309053-77,3
2309053-90,3
2309053-94,1
2309053-95,1
2309053-98,3
2309349-122,3
2309349-146,1
2309759-3,2
2309906-9,1
2309995-40,2
2309995-53,2
2310025-37,3
2310025-56,1
2310025-61,1
2310615-55,1
2310615-80,1
2310615-84,1
2310837-8,1
2311299-67,1
2311299-78,3
2311300-33,3
2311300-57,3
2311300-60,3
2311300-63,3
2311300-66,1
2311300-69,3
2311300-78,1
2311300-81,1
2311300-84,1
2311300-86,3
2311300-88,1
2311300-91,1
2311542-20,3
2311542-25,3
2311542-30,1
2311542-31,1
2311542-34,1
2311542-37,1
2311542-41,3
2311542-49,1
2311542-52,1
2311542-55,3
2311542-62,1
2311542-66,1
2311542-69,1
2311733-9,1
2312373-128,3
2312373-140,3
2312447-5,1
2312504-49,1
2312515-18,5
2312673-9,1
2312874-9,4
2312948-113,3
2312948-116,3
2312948-118,1
2312948-43,3
2312948-57,3
2312948-71,0
2312948-74,1
2312948-77,3
2312948-80,3
2312948-83,3
2312948-89,3
2312948-92,1
2312948-93,3
2312948-96,3
2313170-43,3
2313396-56,1
2313545-34,1
2313545-40,3
2313545-43,3
2313729-44,1
2313729-50,1
2313729-60,3
2313729-71,3
2313729-92,1
2313734-116,1
2313734-120,1
2313734-37,0
2313734-42,0
2313734-53,0
2313734-59,1
2313734-62,3
2313734-65,1
2313734-70,1
2313734-73,1
2313734-76,1
2313734-83,1
2313735-47,1
2313735-50,3
2313735-55,1
2313735-56,3
2313735-59,1
2313735-62,1
2313735-75,3
2313735-78,1
2313735-80,1
2313736-41,1
2313736-46,3
2313736-54,3
2313738-33,3
2313738-41,1
2313738-48,1
2313739-33,1
2313739-36,3
2313740-101,3
2313740-51,3
2313740-53,1
2313740-63,3
2313740-66,1
2313740-96,3
2313740-97,3
2313781-39,0
2313781-47,0
2313781-57,0
2313781-63,1
2313781-70,3
2313781-71,3
2313781-74,3
2313781-82,3
2313781-85,3
2313781-88,3
2313781-91,3
2314199-8,1
2314217-10,1
2314387-8,1
2314499-30,3
2314499-37,3
2314499-44,3
2314499-49,3
2314499-55,1
2314499-58,3
2314499-61,1
2314518-38,2
2314544-27,1
2314553-33,1
2314688-8,1
2314934-40,1
2314934-45,3
2314962-33,1
2315020-6,1
2315172-9,1
2315917-27,2
2315917-38,2
2315917-45,2
2315917-49,2
2316624-66,3
2316624-73,3
2317406-8,1
2317563-59,3
2317563-65,3
2317563-75,3
2317563-78,1
2317563-82,3
2317563-85,1
2317563-88,1
2317563-95,1
2317563-97,3
2317622-39,1
2317622-43,1
2317648-72,1
2317648-74,3
2317648-86,3
2317648-88,1
2317934-29,2
2317934-32,2
2318022-32,3
2318022-44,1
2318022-49,3
2318022-53,1
2318022-56,1
2318116-8,1
2318165-12,1
2318277-41,3
2318277-43,1
2318277-48,3
2318277-51,1
2318277-55,3
2318280-42,3
2318399-27,2
2318399-36,2
2318399-43,2
2318399-50,2
2318553-48,1
2318553-51,1
2318553-54,1
2318583-10,1
2318583-7,3
2318736-49,1
2318736-54,3
2318736-57,1
2318736-62,1
2318736-67,3
2318736-70,1
2318736-71,3
2318736-74,3
2318736-77,3
2318736-79,3
2318736-82,1
2318736-85,3
2318737-36,0
2318737-41,3
2318737-46,0
2318737-50,1
2318737-51,1
2318737-53,1
2318737-57,3
2318737-60,3
2318737-63,3
2318737-66,1
2318737-69,1
2318737-73,1
2319129-49,1
2319129-51,3
2319129-57,3
2319129-58,3
2319129-62,1
2319129-70,3
2319129-71,3
2319129-74,1
2319129-76,3
2319129-81,3
2319129-85,3
2319256-63,1
2319364-20,1
2319485-10,1
2319485-7,3
2319511-13,1
2319532-14,1
2319794-7,1
2319815-49,2
2320014-54,2
2320014-61,2
2320014-64,2
2320081-66,1
2320081-68,1
2320266-47,1
2320266-52,1
2320266-57,3
2320266-59,3
2320266-62,1
2320266-66,3
2320266-69,1
2320266-74,3
2320333-7,1
2320527-8,1
2320532-34,2
2320532-38,2
2320532-41,2
2320643-8,1
2320686-11,1
2320799-49,1
2320799-54,3
2320799-57,3
2320799-62,3
2320799-63,1
2321477-44,2
2321689-50,1
2321689-53,1
2322436-12,1
2322624-7,2
2323050-47,2
2323056-21,2
2323056-55,2
2323322-38,1
2323322-44,3
2323322-46,3
2323322-49,3
2323391-73,1
2323617-49,1
2323617-56,3
2323667-9,1
2324243-8,1
2324261-2,2
2324721-73,2
2324721-79,2
2324721-94,1
2324748-4,2
2324900-47,3
2324900-48,1
2324900-52,3
2324900-55,1
2324913-7,2
2325355-13,3
2325377-10,1
2325516-10,1
2325720-35,2
2325720-45,2
2325720-52,2
2325721-41,2
2325721-49,2
2325721-54,2
2325721-62,2
2325845-23,4
2326278-38,3
2326450-85,1
2326450-90,1
2326450-98,1
2326582-61,1
2326749-8,1
2327206-13,2
2329218-105,2
2329218-126,1
2329218-133,3
2329218-135,1
2329218-151,0
2329218-153,1
2329218-156,1
2329218-159,1
2329218-162,1
2329218-165,1
2329218-168,1
2329218-177,0
2329218-182,1
2329218-192,1
2329218-195,1
2329218-207,2
2329218-58,2
2329218-70,2
2329218-80,2
2329218-92,2
2329218-98,2
2329218-99,2
2330227-38,3
2330227-41,1
2330227-45,1
2330227-51,1
2330417-2,2
2330598-8,1
2331282-8,1
2331419-3,2
2331420-4,2
2331427-40,1
2331427-45,3
2331627-7,0
2331627-9,4
2331629-6,1
2332521-2,2
2332775-85,2
2332775-89,2
2333803-50,3
2333899-27,2
2333929-40,1
2334043-27,3
2334043-40,1
2334043-43,3
2334043-45,1
2334043-50,3
2334043-53,1
2334095-11,2
2334095-19,2
2334095-28,2
2334095-31,2
2334096-11,2
2334096-19,2
2334096-26,2
2334096-29,2
2334279-38,3
2334279-57,1
2334680-29,2
2334680-34,2
2334680-39,2
2334680-46,2
2334928-46,2
2334996-63,2
2335844-30,1
2336393-56,1
2336393-59,3
2336393-61,3
2336393-64,3
2336393-67,3
2336484-34,3
2336484-47,1
2336484-50,1
2336484-53,1
2336484-56,1
2336505-44,2
2336505-47,2
2336505-54,2
2336698-8,1
2336833-9,1
2337246-43,1
2338971-8,1
2339647-41,2
2340532-29,3
2340532-46,1
2340532-52,1
2341582-8,1
2341956-8,1
2342213-7,1
2342376-3,2
2344790-8,1
2344792-8,1
2344795-8,1
2344796-8,1
2344799-8,1
2344800-7,1
2344801-8,1
2344802-8,1
2344803-8,1
2344804-8,1
2344909-65,1
2344938-48,1
2344938-60,1
2344938-71,3
2345140-8,1
2345281-63,1
2345368-50,1
2345368-56,3
2345368-78,3
2345378-38,1
2345468-38,1
2345484-39,3
2345484-83,3
2345493-31,3
2345493-35,1
2345493-38,1
2345493-41,1
2345493-44,1
2345493-47,1
2345493-50,3
2345680-86,2
2347150-73,2
2348298-27,2
2348298-56,2
2348298-58,2
2349447-30,2
2349493-100,3
2349493-103,1
2349493-118,3
2349493-37,2
2349493-47,2
2349493-51,2
2349493-69,3
2349493-73,1
2349493-80,3
2349493-82,1
2349493-86,1
2349493-89,1
2349493-92,1
2349493-95,1
2349647-27,2
2349947-42,3
2350568-29,2
2350568-33,2
2350568-47,2
2350568-53,2
2350568-60,2
2350586-63,1
2350586-73,3
2350702-8,1
2350706-6,1
2350921-33,2
2350921-38,2
2351179-51,1
2351332-7,1
2351506-34,2
2351858-41,2
2351965-34,2
2351990-37,1
2352341-33,2
2352341-44,2
2352341-58,2
2352341-61,2
2352476-136,3
2352476-141,3
2352476-146,3
2352476-149,1
2352476-155,1
2352476-165,3
2352476-168,1
2352476-171,1
2352476-40,2
2352476-62,2
2352500-11,1
2353243-47,2
2353986-4,2
2354502-8,1
2354899-8,1
2355135-39,3
2355135-49,1
2355363-12,2
2355510-35,3
2355510-53,1
2355627-8,1
2355765-31,2
2356599-40,2
2357053-105,1
2357053-108,1
2357053-110,3
2357053-119,3
2357053-122,3
2357053-30,3
2357053-38,1
2357053-47,1
2357053-50,3
2357053-53,1
2357053-59,1
2357053-62,1
2357053-65,1
2357053-70,3
2357055-29,1
2357625-5,2
2357639-9,1
2357871-9,1
2357898-11,1
2358527-8,1
2358915-39,0
2358915-53,0
2358915-67,4
2358922-21,1
2359135-28,3
2359135-39,1
2359287-7,1
2360062-8,1
2360503-27,3
2360503-35,3
2360503-45,3
2360503-74,3
2360537-70,2
2362096-45,2
2362096-56,2
2362096-62,2
2362096-67,2
2362137-8,1
2362190-9,1
2362292-8,1
2362567-18,1
2362947-9,1
2363415-6,2
2363417-4,2
2363417-7,2
2364109-35,1
2365055-2,2
2366564-26,2
2366681-2,2
2366681-3,2
2366682-2,2
2366682-5,2
2367064-66,1
2367064-68,1
2367064-82,3
2367548-7,1
2367595-12,1
2367600-30,0
2367600-35,0
2367600-45,4
2367600-47,4
2367600-49,4
2369594-8,1
2372071-26,3
2372071-41,1
2372071-44,1
2372099-6,1
2372983-7,1
2373113-32,2
2373113-42,2
2373113-47,2
2373369-5,2
2374400-101,3
2374400-106,3
2374400-110,1
2374400-121,3
2374400-46,3
2374400-53,3
2374400-58,1
2374515-24,2
2374982-4,2
2374982-7,2
2375497-8,1
2375501-8,1
2375543-9,1
2375630-8,1
2376169-40,3
2376169-46,3
2376169-55,3
2376169-62,1
2376230-2,2
2377273-8,1
2377516-12,1
2377518-12,1
2377566-12,1
2377675-8,1
2379378-9,1
2379582-7,1
2380083-26,2
2380451-7,1
2380880-6,2
2380935-9,1
2381043-35,3
2381043-45,3
2381043-60,3
2381043-63,1
2381043-66,4
2381044-4,2
2381414-24,2
2382257-49,1
2382599-8,1
2382611-10,1
2383287-23,3
2383287-30,3
2383287-41,3
2383287-43,1
2383287-47,3
2383287-50,3
2383287-53,3
2383287-61,3
2383411-50,2
2383411-59,2
2383411-63,2
2384430-4,2
2384692-21,0
2384692-27,0
2384692-31,4
2384692-33,4
2384692-35,4
2384692-38,0
2384692-43,0
2384692-45,0
2384692-49,0
2384733-25,2
2385037-2,2
2385037-3,2
2387035-44,0
2387035-55,0
2387066-100,3
2387066-101,3
2387066-44,3
2387066-55,3
2387066-63,1
2387066-70,3
2387066-78,3
2387066-80,3
2387066-84,3
2387066-89,3
2387066-91,3
2387066-94,1
2387067-33,1
2387264-8,1
2387266-8,1
2387579-19,0
2387579-27,0
2387579-35,4
2387579-37,4
2387579-40,4
2387579-43,4
2387579-46,4
2387579-49,4
2388029-86,1
2388029-88,1
2388029-94,1
2388491-7,1
2388837-35,1
2390384-12,2
2390639-8,1
2391567-50,2
2391935-43,1
2393997-9,1
2394478-15,1
2395883-53,1
2395883-58,1
2396155-24,2
2397925-16,3
2397925-25,1
2398741-64,1
2399396-7,1
2399598-108,3
2399598-112,1
2399598-70,1
2400068-20,3
2400068-23,3
2400115-8,1
2400118-7,1
2400758-37,3
2400758-62,1
2401407-6,2
2401548-4,2
2401881-9,1
2403068-11,1
2404958-8,1
2405312-8,1
2406964-10,1
2407112-7,1
2407521-8,1
2407960-8,1
2408105-8,1
2408107-9,1
2408125-7,4
2408682-8,1
2408709-73,0
2408709-77,0
2408948-7,1
2409076-34,1
2409114-8,1
2410466-47,0
2410466-50,0
2410488-26,2
2410488-40,2
2410488-45,2
2410517-10,4
2410669-8,1
2411730-8,1
2411815-7,1
2412712-8,1
2413230-8,1
2414224-6,4
2414600-8,1
2415411-9,1
2415841-7,1
2416729-28,1
2416733-28,3
2416733-37,3
2416733-42,1
2416733-46,1
2416756-23,2
2416790-24,3
2416804-43,1
2416804-48,1
2416804-51,1
2416804-54,3
2416826-49,1
2417025-29,3
2417025-45,3
2417025-50,3
2417025-55,3
2418020-7,4
2418084-8,1
2418740-23,2
2418740-38,2
2418740-43,2
2418749-33,2
2418838-7,1
2419197-28,3
2419197-39,3
2419197-54,3
2419525-7,1
2419735-25,2
2420014-8,1
2420033-24,2
2420577-7,3
2420733-7,1
2421056-8,1
2421251-7,1
2421570-4,2
2421859-9,1
2422095-37,1
2422648-56,2
2422697-129,1
2422697-66,3
2422697-69,1
2422697-72,1
2422697-75,1
2422697-83,3
2423268-31,2
2423268-40,1
2424382-23,2
2424952-9,1
2424953-8,1
2425883-50,3
2426930-40,2
2427395-8,1
2428236-27,2
2428236-36,2
2428236-50,2
2428639-5,2
2430143-125,3
2430143-137,3
2430143-140,1
2430143-142,0
2430143-144,1
2430143-45,3
2430143-57,3
2430143-72,1
2430143-76,3
2430143-95,3
2430143-98,1
2431123-8,1
2431153-7,1
2431748-8,1
2431821-7,1
2432865-33,3
2432975-44,1
2433327-49,1
2433327-54,3
2433327-57,3
2433327-60,3
2433327-66,1
2433398-9,1
2433690-7,3
2434244-8,1
2434902-7,2
2437434-5,2
2437435-4,2
2437435-7,2
2437519-4,2
2437519-7,2
2437920-3,2
2438459-31,3
2438459-55,1
2438459-63,3
2438459-66,1
2438459-69,1
2438459-77,3
2438539-6,2
2439779-42,3
2439779-46,3
2439779-55,1
2439876-43,1
2439877-8,1
2440036-3,2
2441271-7,1
2441873-6,2
2441882-22,2
2444404-5,2
2444417-7,1
2447183-40,3
2447183-64,1
2447191-32,0
2447191-38,0
2447191-41,1
2447264-7,1
2447273-8,1
2447439-8,1
2447901-6,3
2448732-23,2
2448732-35,2
2448732-43,2
2448732-47,2
2448947-5,1
2448974-35,3
2448974-40,3
2448974-43,1
2448974-50,1
2448974-56,1
2450745-8,1
2451405-8,1
2452037-70,0
2452211-7,1
2452555-8,1
2454155-9,1
2454257-27,1
2454400-32,3
2454400-42,1
2454400-46,3
2454704-36,0
2454704-40,0
2454704-50,0
2454704-53,4
2454704-55,0
2454704-58,3
2454704-64,4
2454704-67,4
2454704-70,1
2454704-76,4
2455033-10,1
2456109-35,1
2456554-50,3
2456554-54,3
2456554-57,3
2457208-7,4
2457424-6,4
2457520-7,1
2458802-18,2
2460010-35,3
2460010-43,1
2461207-33,3
2461207-38,1
2461217-7,1
2462049-9,1
2462730-28,3
2462730-34,1
2465140-45,1
2466104-30,1
2466104-39,1
2466104-52,3
2466104-88,3
2466104-95,1
2466104-97,3
2466682-9,1
2467306-30,3
2467306-39,1
2467823-9,1
2469074-8,1
2469306-8,1
2470275-8,1
2473375-53,1
2473375-59,1
2473375-78,1
2473389-45,3
2473389-53,1
2473389-58,1
2473389-62,3
2473389-65,3
2473389-68,3
2473389-74,3
2473389-80,1
2473699-4,2
2475016-8,4
2475018-8,4
2476749-7,1
2476772-5,2
2476772-6,2
2477396-3,2
2477396-5,2
2477441-5,2
2479094-8,1
2479551-7,1
2480330-8,1
2480642-7,1
2481282-8,1
250466-2,2
250608-2,2
250913-26,2
251072-105,3
251072-21,0
251072-39,3
251072-48,3
251120-102,3
251120-49,0
251120-67,0
251120-72,4
251120-82,0
251499-2,2
252929-5,1
252972-101,1
253166-4,1
253982-5,1
255913-2,2
256022-206,1
256326-23,2
256373-48,2
257161-294,0
257161-303,0
257161-309,4
257161-323,0
257161-328,0
257161-331,0
257161-335,3
257161-337,1
257161-346,0
257161-358,1
257161-363,3
257161-367,3
257161-371,3
257161-374,1
257161-380,3
257161-383,3
257161-386,1
257243-23,2
257781-20,0
257781-83,0
258267-45,1
258595-57,0
259086-36,2
259094-121,0
259094-125,0
259094-129,4
259094-134,4
259094-136,1
259094-140,1
259094-143,1
259094-146,3
259094-149,1
259094-151,1
259094-166,1
259094-172,1
259094-176,1
259094-179,1
259094-181,4
259094-187,0
259094-190,1
259094-193,1
259094-199,1
259400-34,0
259451-50,2
259551-66,2
259613-39,0
259979-48,5
260000-2,2
260404-97,3
260897-117,3
260897-85,0
260950-69,0
261022-75,1
261463-71,0
26160-111,2
262040-34,2
262198-121,0
262198-72,0
262198-78,0
262198-98,1
262712-78,0
262851-26,2
264293-105,0
264293-117,4
264293-69,0
264293-78,0
264293-88,4
267841-168,3
267841-185,1
267841-205,3
267841-230,3
267841-238,4
267841-71,2
26946-116,1
26946-99,3
270010-197,1
270046-2,2
270280-72,2
270567-33,1
271219-134,1
272146-35,3
272914-37,3
273149-2,2
273823-7,1
274311-65,1
274765-173,1
274765-180,1
274765-186,1
275322-252,3
277133-117,0
277133-62,1
277133-92,0
278425-2,2
278429-31,2
278787-2,2
279507-70,3
279543-44,3
280726-100,2
282037-28,2
282740-145,3
282740-42,0
282740-60,3
282740-61,3
282740-90,0
282740-97,0
28376-392,1
28376-68,1
284448-64,1
284567-45,0
284567-58,0
284827-198,3
284951-2,2
285210-3,2
285867-88,1
286611-39,0
28692-121,3
28692-138,1
287328-25,2
289038-29,0
289038-37,4
289945-69,3
290450-52,1
290450-54,3
290460-54,1
290460-77,1
290677-69,1
290677-77,1
292328-188,1
292328-204,1
292729-64,1
293027-111,1
293027-204,1
294427-54,1
294428-42,3
294429-110,0
294429-133,4
294429-160,0
294429-179,3
294429-56,3
294429-70,0
294429-95,0
294430-56,3
294430-81,3
298221-71,1
298878-273,4
298878-276,0
298878-277,1
298878-324,4
298878-340,1
298878-343,1
298943-63,1
298952-39,2
298990-146,4
298990-78,1
299764-40,2
299764-42,2
299788-65,2
301190-6,1
301725-27,2
302638-257,3
302638-290,1
302638-314,1
303307-48,3
303771-56,2
304008-173,1
304008-194,1
304792-37,3
307042-26,2
307814-70,1
307814-85,1
307822-63,1
307925-109,3
307925-175,1
307925-77,1
307925-88,3
308633-29,1
309108-52,2
309764-2,2
310833-66,0
310833-87,3
311012-25,0
311025-33,0
311031-112,0
311031-134,3
311031-48,4
311031-76,3
311039-54,0
311039-65,4
312381-23,2
312739-42,2
313522-23,0
313522-41,3
313707-67,0
313951-141,0
313951-147,0
313951-152,4
313951-187,0
313951-205,0
313951-237,1
313951-248,3
313951-268,1
314558-32,3
314558-57,3
314558-67,1
314558-94,3
314559-59,1
316491-51,3
316491-75,3
316493-55,0
316493-77,1
318040-7,2
318813-29,2
318828-40,3
319342-53,3
319342-77,3
319342-92,4
320786-45,3
321088-80,2
32147-56,1
322683-2,2
322697-3,2
323013-2,2
32428-111,1
32428-59,3
324349-67,2
324636-2,2
324826-52,2
325847-119,1
325847-63,1
326935-2,2
327896-22,1
328072-6,3
328385-131,2
330427-122,0
330427-143,0
330427-242,1
330427-309,1
330427-311,1
330427-313,1
330427-318,1
330427-48,2
330427-85,2
330509-55,2
332451-149,1
332451-164,1
332482-60,3
332542-64,1
333213-37,2
334677-30,1
335039-55,1
335178-67,3
335937-47,0
335937-79,0
337852-46,2
338066-34,1
339287-77,1
339287-98,1
339302-57,1
339407-302,3
339409-144,1
339551-46,4
339551-65,0
339551-83,1
339552-29,1
339630-35,1
339689-104,0
339689-114,0
339689-186,1
339689-196,1
339689-67,4
339689-82,3
339689-88,0
339696-112,3
339696-121,3
339696-91,1
339705-102,3
339705-120,0
339705-147,3
339705-95,0
339823-36,3
339823-56,0
339823-84,3
339846-80,0
339847-104,0
339847-110,3
339847-121,3
339847-86,3
339848-105,3
339850-113,3
339850-186,1
339850-92,1
339851-114,3
339853-79,1
339854-37,1
339953-59,2
339977-66,1
340034-159,1
340260-26,5
340298-26,2
340369-4,1
340812-129,4
340812-150,0
340812-158,0
340812-159,0
340812-162,3
340812-166,1
340812-174,3
340812-177,3
340812-180,3
340812-183,3
340812-186,3
340812-195,1
340812-203,1
340812-205,1
340812-208,1
340963-43,2
341099-2,2
342703-26,2
342955-3,2
343100-47,2
343673-4,2
343930-201,3
343934-2,2
343991-67,2
344056-43,2
344056-55,3
344084-35,2
344218-93,2
344293-3,2
344428-84,2
344468-77,1
344560-2,2
344866-173,1
344866-190,1
344866-192,1
344866-198,1
344866-249,1
344866-251,3
345069-114,3
345069-119,3
345069-121,1
345070-79,3
345311-160,2
345311-168,2
345311-175,2
345311-179,2
345311-183,2
345311-195,2
345311-199,2
345311-211,2
345311-215,2
345311-248,3
345311-257,1
345311-270,1
345311-276,1
345311-279,1
345311-62,2
345552-78,3
345552-88,1
345552-93,3
346155-112,2
346155-136,2
346697-65,1
346782-62,1
346913-109,0
347030-10,1
347421-181,3
347421-188,1
347421-192,1
347421-198,3
347421-200,1
347421-202,3
347421-205,1
347421-221,1
347421-224,1
347765-37,2
347832-48,3
348306-85,2
348693-57,1
348711-50,1
348730-77,1
349771-61,1
350108-117,1
350464-54,3
350464-60,1
350464-72,3
350489-4,1
350507-7,1
350571-30,3
350808-76,1
350982-39,2
351362-117,1
352351-41,2
352353-44,2
352354-38,2
352355-37,2
352580-39,0
352776-50,1
352989-160,0
352989-165,3
352989-170,1
353093-92,0
353491-2,2
353517-2,2
353703-2,2
353704-2,2
353741-128,3
353741-160,3
353741-192,4
353741-54,0
353741-67,3
353776-4,1
354034-47,3
354293-20,2
355920-104,4
355920-40,0
356032-50,0
356194-157,3
356194-158,1
356609-44,2
356695-67,0
356805-49,3
356885-77,2
357094-119,3
357094-124,1
357094-132,1
357094-141,1
358066-39,2
358126-146,0
358126-152,3
358310-2,2
358878-110,4
359349-146,2
361442-144,1
36162-204,1
36162-83,1
361891-2,2
361898-2,2
362644-26,2
362832-2,2
362834-2,2
362842-2,2
362844-2,2
362867-2,2
362893-2,2
362897-2,2
363391-101,4
363391-44,0
363391-64,0
363391-81,0
363568-127,0
364186-139,0
364186-74,0
364186-86,4
364579-61,1
365555-120,3
366046-100,2
366046-102,2
366046-90,2
366046-95,2
366382-2,2
366541-58,2
366816-167,1
366851-147,1
366851-186,3
366851-189,3
366851-196,3
367307-39,2
368083-56,0
368083-72,1
368084-49,1
368170-49,1
368242-2,2
368597-49,2
368679-64,3
368679-81,1
369841-45,1
370193-6,1
371091-7,1
371547-84,1
371789-105,4
371789-147,3
371789-93,0
372066-92,3
372075-34,2
372075-40,2
372150-100,1
372475-40,2
373327-129,3
373327-136,3
373327-143,3
373327-157,1
373327-170,0
373327-174,0
373327-179,1
373327-190,1
373327-203,3
373327-211,3
373327-219,4
373327-233,3
373327-237,3
373327-245,1
373327-253,3
373327-262,1
373327-276,1
373327-278,1
373327-281,1
373327-299,4
373327-312,1
373327-325,3
373327-331,3
373327-337,3
373327-347,1
373327-357,1
373327-364,0
373327-368,3
373327-387,1
373327-396,3
373327-398,1
373327-401,1
373327-403,3
373327-414,1
373327-425,1
373585-2,2
373587-2,2
373869-2,2
373907-22,2
373907-63,1
374302-82,1
377011-249,1
377011-285,1
377124-67,2
377706-66,1
377873-60,2
377965-69,0
377965-86,4
378478-122,2
378478-161,0
378478-172,4
378478-213,0
378478-223,4
378478-232,0
378478-242,3
378478-308,3
378478-317,1
37897-3,1
380508-55,0
380726-94,2
381692-2,2
381947-88,2
382081-100,4
382081-106,0
382081-60,0
382081-77,0
382665-65,1
382667-61,1
382680-56,0
382680-63,1
382681-107,0
382688-119,1
382688-99,3
382708-110,3
382708-93,3
382725-97,3
383657-93,3
384554-74,1
384772-5,4
386673-68,2
387223-3,2
388308-65,1
388449-106,1
388449-116,1
389160-2,2
389162-2,2
390742-2,2
391163-36,0
391163-52,4
391163-64,0
391163-75,0
391163-86,4
392908-35,4
392908-60,0
392908-82,0
393285-2,2
394079-102,0
394079-127,0
394079-140,3
394079-150,1
394079-156,4
394079-192,0
394079-195,1
394079-276,3
394079-55,0
394079-73,4
394079-80,0
394100-47,0
394104-98,0
394629-2,2
394632-2,2
394947-104,3
394947-110,3
394947-54,4
394947-81,0
395834-44,2
396604-3,2
396987-124,1
396987-131,1
396987-72,3
396987-95,3
397936-51,1
398331-2,2
398628-60,3
398810-25,2
401376-366,1
401376-383,1
402373-55,0
402378-65,0
402378-77,0
402378-97,0
402644-43,2
403329-36,2
403395-126,3
403395-164,1
403395-54,2
403395-85,0
403395-93,0
403508-104,1
403508-95,1
403743-2,2
403997-6,1
406183-14,1
408452-117,0
412236-104,1
412375-36,2
412728-125,1
412728-75,3
412854-79,1
412854-83,3
412854-86,3
412854-89,3
412854-92,3
412854-95,3
413095-63,1
413095-70,1
415049-31,0
415049-45,4
415049-51,0
415049-66,0
416057-86,0
416057-90,1
416057-93,1
416531-9,1
416668-33,2
417545-2,2
419290-65,0
419290-71,0
419290-80,0
420066-66,3
420746-108,0
420746-123,3
420746-129,1
420746-62,0
420746-81,1
421062-25,2
421658-5,1
421658-7,1
422455-79,1
422455-92,1
422643-94,3
422674-37,2
422683-100,3
422683-129,3
422684-88,3
422832-44,2
423427-100,4
423427-110,0
423427-147,1
423427-82,3
423428-126,1
423428-129,1
423428-137,3
423428-142,1
423428-91,0
423580-6,1
423585-62,1
427309-2,2
428043-85,1
428250-112,3
428250-125,1
428250-162,3
428250-189,3
428250-200,1
428250-71,0
428250-93,1
429104-2,2
429260-42,2
429836-64,1
430472-108,1
430472-38,2
430472-85,1
430791-3,2
431536-5,1
43178-61,2
432485-66,2
434113-2,2
434337-3,2
434563-110,1
434563-185,1
434563-74,3
434563-87,3
434938-122,1
434938-133,1
435046-2,2
435050-2,2
435878-82,0
43617-209,1
436198-9,1
436536-87,1
43733-12,1
437378-16,1
438197-76,3
438409-126,3
438409-137,1
438409-157,1
438409-164,3
438409-203,3
438942-12,1
439700-38,2
439736-22,1
440177-118,1
440177-163,1
440177-43,0
440177-53,0
440177-65,4
440269-157,3
440269-72,3
440269-73,3
440269-76,3
440269-79,3
440269-88,3
440269-92,3
440269-94,3
440274-5,1
440517-13,1
440693-109,2
441341-10,1
441673-111,1
441673-92,1
44196-72,1
443158-105,3
443158-140,0
443158-147,0
443158-158,4
443158-205,1
443158-92,3
443247-5,1
443564-2,2
445427-89,1
445483-6,2
445485-6,2
445487-6,2
446738-5,1
446750-3,2
447527-29,2
447734-66,1
447935-106,3
447935-121,1
447935-142,1
447935-79,3
447935-83,3
447936-162,1
447937-133,3
447937-136,3
447937-62,2
450816-3,2
451937-3,2
452346-78,2
453042-64,2
453345-3,2
453801-40,3
453801-55,0
453801-69,0
453801-81,0
453801-89,0
454080-3,2
454360-6,3
454911-100,0
454911-118,4
454911-132,0
454911-145,3
454911-32,3
454911-55,4
454911-70,0
454911-86,0
458747-7,1
458748-9,1
458749-9,1
459039-2,2
459040-2,2
460563-65,2
460616-51,2
461105-41,2
46249-219,2
46249-221,2
46249-223,2
46249-225,2
46249-233,2
46249-294,0
46249-297,1
46249-305,1
46249-312,1
46249-313,1
46249-316,3
46249-319,1
46249-325,3
463155-291,3
463155-332,1
463155-334,3
463155-339,1
463155-361,1
463268-65,1
463268-73,1
463287-47,1
463451-54,1
463451-87,1
464139-29,2
464139-33,2
464520-129,0
464520-147,0
464520-164,4
465329-108,1
465329-74,3
465329-98,3
465331-92,1
465333-71,1
465356-63,4
465356-77,4
465821-47,2
465821-85,2
466304-84,1
466305-106,3
466305-84,1
467273-2,2
467514-6,1
469498-8,2
469773-6,1
469774-6,1
469956-4,1
471208-8,4
471270-100,0
471270-135,1
471270-95,0
473496-72,1
473496-83,1
474361-64,0
474361-85,3
475258-3,2
475370-16,0
475580-2,2
476031-112,1
476031-81,0
476031-93,3
476084-2,2
479328-65,1
479545-36,2
480184-129,1
480399-2,2
482426-31,3
482426-43,1
483808-155,3
483808-165,4
483906-115,1
483907-53,1
483907-59,1
483948-50,1
484191-156,1
484645-103,2
484645-119,2
484645-141,3
484645-146,3
484645-149,1
484645-152,1
484645-160,0
484645-163,1
484645-166,1
484645-169,1
484645-180,3
484645-183,1
484645-186,1
484645-188,1
484645-192,1
484645-78,2
484645-84,2
484645-92,2
485201-93,1
485262-48,0
485274-102,0
485274-115,0
485274-124,0
485275-54,0
485758-129,1
485758-146,1
485758-63,0
485758-72,0
485758-83,0
486701-6,1
486973-2,2
487868-77,1
487868-96,3
487966-81,1
488165-8,1
488578-7,1
488582-8,1
488607-71,3
489010-5,1
489609-60,2
489652-69,2
489682-5,1
490116-261,1
490375-123,1
490375-130,3
490375-134,1
490375-87,0
490387-69,0
491872-58,3
491872-61,3
491872-68,1
491963-8,4
491974-6,1
492122-59,2
493318-101,2
493318-120,2
493318-54,2
493383-70,2
494004-52,1
494702-2,2
495378-103,1
495378-111,1
495378-116,1
495378-119,1
495378-122,1
495378-50,0
495378-59,0
495378-76,1
496201-66,2
496290-59,3
496290-68,3
496725-130,1
497023-2,2
497057-3,2
497188-8,1
497253-2,2
498347-156,1
499323-47,3
499323-56,3
499323-62,3
499716-131,2
499716-142,2
499716-172,2
499716-177,2
499716-179,2
500056-109,1
500056-133,1
500056-70,0
500056-82,0
500056-94,4
500079-157,3
500183-122,2
500257-2,2
500380-7,1
500454-2,2
500843-155,1
500843-157,1
500843-160,3
500843-165,1
500843-172,1
501560-55,0
501560-65,3
502581-2,2
503670-99,3
504620-2,2
506473-84,2
506506-3,2
507762-6,3
507965-120,3
507965-32,2
507965-91,2
508874-2,2
508965-135,3
508965-141,3
508965-143,1
508965-147,1
508965-150,1
508965-153,1
508965-156,1
508965-161,1
508965-164,1
508965-166,1
508967-7,1
509179-2,2
509181-2,2
510211-2,2
511029-44,2
511029-60,1
512308-100,1
512308-103,1
513172-64,3
513496-108,0
513496-115,0
513496-139,0
513496-146,4
513496-149,0
513496-153,1
513496-157,1
513496-160,3
513496-171,0
513496-175,3
513496-178,1
513496-182,1
513496-193,3
513496-227,0
513496-249,3
513496-251,1
513496-259,1
513496-260,1
513496-261,1
513496-262,1
513496-263,1
513496-37,2
513496-78,2
513496-95,0
513512-66,1
513514-58,1
513675-2,2
513681-2,2
513682-2,2
514363-2,2
514832-10,3
516111-259,1
516111-261,1
516111-267,1
516642-2,2
517139-1,2
517161-93,2
517626-3,2
518303-2,2
520245-101,2
520245-145,3
520245-150,3
520367-2,2
521950-64,2
521950-72,2
521950-76,2
522343-74,3
522343-79,1
522555-133,2
524645-65,3
524645-71,1
524645-81,4
524870-123,1
525239-39,1
526536-104,1
527212-147,2
527704-62,1
527704-65,3
527704-79,1
527723-74,3
527728-70,3
528156-6,2
528165-59,3
528165-65,3
528584-3,2
529011-53,3
529026-46,2
529833-2,2
529884-61,1
530234-2,2
531331-183,2
531331-198,2
531331-203,2
531331-227,2
531331-243,1
531331-249,3
531331-250,1
531331-257,1
531331-263,3
531331-270,1
531331-284,3
531331-291,3
531331-294,1
531331-317,1
531331-321,1
531331-324,1
531331-327,3
531331-335,1
531331-337,3
531331-340,3
531627-55,2
531883-4,1
532067-32,2
532363-24,3
532363-27,3
533082-25,1
533147-26,2
533505-79,3
533535-56,1
533729-48,2
534328-155,0
534328-167,1
534328-174,0
534328-177,0
534328-180,1
534328-184,3
534328-187,3
534328-190,3
534328-194,3
534328-197,1
534328-200,3
534328-203,3
534753-56,2
534947-76,2
535959-48,0
535959-57,0
535959-74,0
535959-83,1
536930-3,2
537163-2,2
537164-2,2
537339-16,1
537377-101,2
537377-104,2
537377-34,2
537377-88,2
537377-97,2
537424-3,5
537672-97,3
537900-80,3
537900-91,1
537997-4,4
538052-2,2
538366-67,3
539066-2,2
540091-2,2
540142-74,0
540142-95,1
541855-97,1
542102-101,0
542102-108,4
542102-128,0
542102-144,0
542102-150,0
542102-154,0
542102-156,4
542102-160,0
542102-163,0
542102-169,4
542102-184,4
542283-2,2
542431-47,0
542431-56,3
542431-70,0
542454-42,2
542454-51,2
542454-55,2
542838-61,3
543013-162,2
54307-116,3
54307-120,1
54307-159,1
543252-45,2
543252-60,2
543448-35,3
543448-57,3
543448-90,3
544176-6,1
544274-210,1
544463-71,1
544573-6,1
544681-102,3
544681-126,1
544681-132,1
544681-92,1
544681-95,1
544724-78,1
544782-51,2
545925-30,0
545925-61,3
546378-2,2
547396-51,2
547496-40,2
549909-28,3
551696-102,2
551696-107,2
551696-99,2
551712-117,1
551712-119,1
551712-136,1
552197-208,1
552295-75,1
552689-39,1
553112-63,1
553168-105,1
553474-9,1
553548-73,2
553947-121,3
554202-126,2
554412-9,3
555129-4,2
555727-52,1
555727-77,3
555727-80,3
555993-7,1
556007-122,2
556007-126,2
556261-124,3
556261-26,0
556261-43,0
556261-57,4
556332-28,0
556590-9,4
556913-51,2
557197-65,2
559036-102,1
559036-105,1
559036-112,1
559036-115,3
559036-118,1
559036-128,1
559036-131,1
559036-134,3
559036-93,1
559138-191,2
559138-201,2
559138-206,2
559138-221,2
559138-224,2
559138-225,2
559138-237,3
559138-241,3
559275-42,3
559275-63,3
559465-38,3
559706-41,3
560047-61,2
560946-2,2
561593-4,1
561594-3,1
562466-47,3
562615-106,3
562615-129,3
562615-141,3
562615-154,3
562615-184,0
562615-213,1
562615-220,0
562615-233,4
562615-244,4
562615-256,0
562615-268,4
562615-281,1
562615-291,4
562615-327,3
562615-39,3
562615-64,0
562615-78,0
562615-93,3
56373-83,3
56373-84,1
56373-95,1
564113-45,3
564453-52,1
564520-44,1
564521-63,3
564522-34,4
564525-125,1
564525-133,3
564525-136,1
564525-142,3
564525-145,3
564525-92,3
564547-55,1
565397-113,2
565397-185,3
565882-140,2
566047-41,3
566744-6,4
566891-38,3
566891-57,3
566891-66,3
567171-2,2
567197-86,1
567197-98,1
567378-2,2
567479-3,2
568404-2,2
568421-21,3
568421-27,0
568421-44,0
568515-5,1
568525-76,2
569181-5,1
569182-6,1
570091-2,2
571256-2,2
571257-2,2
571550-7,4
571564-6,4
573508-47,1
573508-49,1
573508-51,1
575585-69,3
575585-92,1
575585-99,1
576895-6,1
577652-2,2
577881-6,1
578047-48,1
580148-122,1
580148-127,3
580148-137,3
580148-154,3
580148-161,1
580148-196,3
580148-271,3
580148-280,3
580148-288,1
580148-296,1
580163-34,0
580163-51,1
580163-59,1
580951-61,1
581204-2,2
581700-32,1
581700-34,1
581700-35,1
58213-100,1
58213-106,1
582292-39,2
582292-52,5
582605-6,3
582884-2,2
583317-15,1
583408-9,1
584020-124,3
584020-132,3
584020-34,0
584020-44,0
584020-50,0
584020-60,1
584020-79,3
584020-99,1
584207-31,2
584279-5,1
584472-60,2
584569-77,2
584894-53,2
585608-77,3
585608-78,1
585608-83,1
585608-84,1
585608-87,1
585608-88,3
585608-93,3
586251-72,1
586251-93,1
586411-57,3
586949-8,1
587340-61,2
587872-57,1
587916-56,1
587916-62,1
589224-76,2
589390-2,2
590058-41,0
590335-46,1
590796-11,1
591830-63,3
591925-50,2
592935-115,3
592935-148,1
592935-162,3
592935-52,3
592935-88,1
593065-141,3
593065-172,3
593065-178,1
593065-189,3
593065-252,3
593065-263,3
593065-267,3
593065-272,1
593065-277,3
593065-280,1
593065-285,3
593065-291,3
593065-305,3
593650-5,1
593858-48,2
595700-2,2
596773-2,2
596794-2,2
596844-116,1
597005-101,2
597748-5,1
597887-2,2
599142-30,3
599142-54,3
599142-64,4
599380-7,1
600023-80,0
600255-111,1
600363-100,1
600363-125,3
600363-37,0
600363-56,1
600363-66,1
600396-5,2
601739-113,2
602270-4,2
602633-28,2
602633-63,1
602633-84,1
602633-89,1
602633-96,1
602633-99,1
602634-33,2
602714-46,0
602714-56,0
602720-66,2
603501-3,2
603566-123,1
603566-135,1
603566-143,1
603566-146,3
603566-149,1
604604-4,1
604815-48,2
605324-57,3
605324-63,1
605327-66,1
605330-62,3
605330-66,1
605332-34,3
605333-45,1
605986-4,1
606381-11,3
606381-24,0
606381-31,4
606409-4,5
608927-4,2
609196-42,3
609198-45,1
609560-2,2
609753-101,1
609753-109,1
609753-117,1
611193-15,1
611593-55,1
611966-124,3
611966-202,1
611966-90,1
612983-2,2
613662-53,1
613662-62,1
613662-65,3
613950-21,5
614258-2,2
614260-2,2
614263-2,2
614264-2,2
614266-2,2
615815-56,1
615815-58,1
617737-73,0
617737-91,0
617857-8,4
618055-78,3
618055-89,3
619150-144,3
619150-157,3
619150-93,3
619236-45,3
619536-75,2
619907-65,2
620901-33,3
621234-2,2
621806-43,1
621806-52,1
622070-128,1
622072-47,1
622360-120,1
622673-73,2
622828-9,1
623330-47,3
63924-21,2
786713-26,1
796251-29,2
796341-61,3
796341-95,1
808884-20,5
808898-33,1
808898-52,1
808898-59,1
818166-6,1
819408-7,1
860923-38,1
860923-54,3
860923-62,1
865929-105,1
865929-45,1
865929-52,1
865929-59,3
865929-62,3
865929-69,1
865929-73,3
865929-80,3
865929-88,1
865929-92,1
865929-98,1
865930-103,3
865930-106,3
865930-109,3
865930-111,1
865930-117,3
865930-120,1
865930-42,3
865930-56,0
865930-67,0
865930-80,3
865930-84,3
865930-86,3
865930-92,1
865930-95,3
865930-98,1
944251-83,3
944494-100,3
944494-110,1
944494-33,3
944494-54,1
944494-58,1
944494-60,1
944494-63,3
944494-66,1
944494-81,3
944494-87,3
944494-91,1
944494-92,0
944494-98,3
945492-147,2
945492-151,2
945554-180,3
945554-186,3
945769-39,2
945979-103,1
946475-111,3
946475-127,3
946475-129,3
946475-131,1
946475-138,3
946494-64,1
946494-67,3
946494-68,3
946494-75,1
946494-77,1
946517-131,2
946620-50,1
946625-101,3
946734-128,2
946734-145,3
946734-147,1
946734-153,1
946734-156,1
946734-175,1
946734-182,1
946735-69,2
947642-164,2
947642-178,2
947642-204,2
947642-233,2
947642-266,2
949149-47,4
961716-6,1
962435-6,1
97884-50,1
97884-59,1
97884-75,1
98814-18,1
996537-6,1
996553-34,3
996553-39,3
996553-43,1
996882-4,2
996938-70,2
